{
    "mod_name": "ED-GT [No Override]",
    "author": "Blue Mystic",
    "version": "1.2.0",
    "description": "Tweaks for the Normal GraphicsConfiguration.xml",
    "file": "%GAME_PATH%\\GraphicsConfiguration.xml",
    "file_full": null,
    "managed": true,
    "mod_type": "XMLConfig",
    "read_me": "<p align=center><size=+4><b>ED-GT [Graphic Tweaks]</b></size></p><p align=center>By Blue Mystic</p><br><p align=left>This mod is an interface to easily and safely edit the <u>GraphicsConfigurationOverride.xml</u> file.</p><p align=left>Currently this mod allows you to:</p><p align=left><ul><li>Increase or Reduce the <b>Amount of Stars</b> shown in the Galaxy Map.</li><li>Increase or Reduce the Quality of the <b>Textures for Planets</b>.</li><li>Increase or Reduce the <b>Quality of the <b>Textures for the Galaxy Background</b>.</li><li>Ensure the Colour Matrix to be the Default one, this is required by EDHM.</li></ul></p><p><b><u>How to Apply Changes:</u></b></p><p align=left>Contrary to regular 3PMods, the XML configurations belongs to the game itself.</p><p align=left>Therefore, you need to click the <u>Apply XML Changes</u> orange button on this window.</p><p align=left>And then you need to re-start the game, so your changes can take effect.</p><image=ED-GT_StarCount.jpg;size=100%;align=top><br><a href=https://bluemystical.github.io/edhm-api//>Check Our web site</a>",
    "sections": [
        {
            "name": "TextureSize-Planets",
            "title": "Planets Texture Size (4k/8k)",
            "ini_section": "/GraphicsConfig/Planets",
            "keys": [
                {
                    "name": "Quality Low",
                    "type": "TextureSize",
                    "key": "/Low/TextureSize",
                    "value": "2560",
                    "description": "Texture Quality for Planets. Default: 512"
                },
                {
                    "name": "Quality Medium",
                    "type": "TextureSize",
                    "key": "/Medium/TextureSize",
                    "value": "2048",
                    "description": "Texture Quality for Planets. Default: 1k (1024)"
                },
                {
                    "name": "Quality High",
                    "type": "TextureSize",
                    "key": "/High/TextureSize",
                    "value": "4096",
                    "description": "Texture Quality for Planets. Default: 2k (2048)"
                },
                {
                    "name": "Quality Ultra",
                    "type": "TextureSize",
                    "key": "/Ultra/TextureSize",
                    "value": "8192",
                    "description": "Texture Quality for Planets. Default: 2k+ (2560)"
                }
            ]
        },
        {
            "name": "TextureSize-GalaxyBackground",
            "title": "Galaxy Background Texture Size (4k/8k)",
            "ini_section": "/GraphicsConfig/GalaxyBackground",
            "keys": [
                {
                    "name": "Quality Low",
                    "type": "TextureSize",
                    "key": "/Low/TextureSize",
                    "value": "512",
                    "description": "Texture Quality for Galaxy Background. Default: Low-512"
                },
                {
                    "name": "Quality Medium",
                    "type": "TextureSize",
                    "key": "/Medium/TextureSize",
                    "value": "2048",
                    "description": "Texture Quality for Galaxy Background.  Default: 1k (1024)"
                },
                {
                    "name": "Quality High",
                    "type": "TextureSize",
                    "key": "/High/TextureSize",
                    "value": "4096",
                    "description": "Texture Quality for Galaxy Background.  Default: 2k (2048)"
                }
            ]
        }
    ],
    "types": [
        {
            "type": "text",
            "name": "Text Box",
            "value": ""
        },
        {
            "type": "number",
            "name": "Integer Number (Spin Edit)",
            "value": ""
        },
        {
            "type": "number_dec",
            "name": "Decimal Number (Spin Edit)",
            "value": ""
        },
        {
            "type": "decimal",
            "name": "Decimal Number (Trackbar 0-2)",
            "value": ""
        },
        {
            "type": "decimal_1x",
            "name": "Decimal Number (Trackbar 0-1)",
            "value": ""
        },
        {
            "type": "decimal_10x",
            "name": "Decimal Number (Trackbar 0-10)",
            "value": ""
        },
        {
            "type": "color",
            "name": "Color Value (Color Dialog)",
            "value": ""
        },
        {
            "type": "toggle",
            "name": "ON/OFF Switch (Values 0,1)",
            "value": ""
        },
        {
            "type": "custom-type",
            "name": "Display a ComboBox with a preset list of items",
            "value": "just use the name on one of the custom types below."
        }
    ],
    "custom_types": [
        {
            "type": "TextureSize",
            "name": "Poor - 256",
            "value": 256
        },
        {
            "type": "TextureSize",
            "name": "Low - 512",
            "value": 512
        },
        {
            "type": "TextureSize",
            "name": "Medium - 1k",
            "value": 1024
        },
        {
            "type": "TextureSize",
            "name": "High - 2K",
            "value": 2048
        },
        {
            "type": "TextureSize",
            "name": "Ultra - 2.5k",
            "value": 2560
        },
        {
            "type": "TextureSize",
            "name": "Super - 4K",
            "value": 4096
        },
        {
            "type": "TextureSize",
            "name": "Elite - 8K",
            "value": 8192
        }
    ]
}