{
    "mod_name": "ED-GT [FOV]",
    "author": "Blue Mystic",
    "version": "1.2.0",
    "description": "Tweaks for the .\\Options\\Graphics\\Settings.xml",
    "file": "%LOCALAPPDATA%\\Frontier Developments\\Elite Dangerous\\Options\\Graphics\\Settings.xml",
    "file_full": null,
    "managed": true,
    "mod_type": "XMLConfig",
    "read_me": "<p align=center><size=+4><b>ED-GT [Graphic Tweaks]</b></size></p><p align=center>By Blue Mystic</p><br><p align=left>This mod is an interface to easily and safely edit the <u>GraphicsConfigurationOverride.xml</u> file.</p><p align=left>Currently this mod allows you to:</p><p align=left><ul><li>Increase or Reduce the <b>Amount of Stars</b> shown in the Galaxy Map.</li><li>Increase or Reduce the Quality of the <b>Textures for Planets</b>.</li><li>Increase or Reduce the <b>Quality of the <b>Textures for the Galaxy Background</b>.</li><li>Ensure the Colour Matrix to be the Default one, this is required by EDHM.</li></ul></p><p><b><u>How to Apply Changes:</u></b></p><p align=left>Contrary to regular 3PMods, the XML configurations belongs to the game itself.</p><p align=left>Therefore, you need to click the <u>Apply XML Changes</u> orange button on this window.</p><p align=left>And then you need to re-start the game, so your changes can take effect.</p><image=ED-GT_StarCount.jpg;size=100%;align=top><br><a href=https://bluemystical.github.io/edhm-api//>Check Our web site</a>",
    "sections": [
        {
            "name": "FOV",
            "title": "Field Of View",
            "ini_section": "/GraphicsOptions",
            "keys": [
                {
                    "name": "FOV - Ship",
                    "type": "number_dec",
                    "key": "/FOV",
                    "value": 60,
                    "description": "Field Of View (Ship). Default: 60"
                },
                {
                    "name": "FOV - Player",
                    "type": "number_dec",
                    "key": "/HumanoidFOV",
                    "value": "60",
                    "description": "Field Of View (Human). Default: 60"
                },
                {
                    "name": "AMD Crash Fix",
                    "type": "boolean",
                    "key": "/AMDCrashFix",
                    "value": false,
                    "description": "AMD Crash Fix"
                },
                {
                    "name": "Disable Gui Effects",
                    "type": "boolean",
                    "key": "/DisableGuiEffects",
                    "value": true,
                    "description": "Disable Gui Effects"
                }
            ]
        }
    ],
    "types": [
        {
            "type": "text",
            "name": "Text Box",
            "value": ""
        },
        {
            "type": "number",
            "name": "Integer Number (Spin Edit)",
            "value": ""
        },
        {
            "type": "number_dec",
            "name": "Decimal Number (Spin Edit)",
            "value": ""
        },
        {
            "type": "decimal",
            "name": "Decimal Number (Trackbar 0-2)",
            "value": ""
        },
        {
            "type": "decimal_1x",
            "name": "Decimal Number (Trackbar 0-1)",
            "value": ""
        },
        {
            "type": "decimal_10x",
            "name": "Decimal Number (Trackbar 0-10)",
            "value": ""
        },
        {
            "type": "color",
            "name": "Color Value (Color Dialog)",
            "value": ""
        },
        {
            "type": "toggle",
            "name": "ON/OFF Switch (Values 0,1)",
            "value": ""
        },
        {
            "type": "boolean",
            "name": "ON/OFF Switch (Values: true/false)",
            "value": ""
        },
        {
            "type": "custom-type",
            "name": "Display a ComboBox with a preset list of items",
            "value": "just use the name on one of the custom types below."
        }
    ],
    "custom_types": []
}