{
   "mod_name":"CockpitLights",
   "author":"psychicEgg / CMDR GeorjCostanza",
   "description":"Cockpit Accessory Lights mod",
   "file":"CockpitLights.ini",
   "file_full":null,
   "managed":true,
   "sections":[
      {
         "name":"Krait",
         "title":"Krait (Phantom & Mk II)",
         "ini_section":"Constants",
         "keys":[
            {
               "name":"Mode",
               "type":"Options",
               "key":"w83",
               "value":2,
               "description":"Phantom / Krait Mk II Internal Cockpit Lights."
            }
         ]
      },
      {
         "name":"Asp",
         "title":"Asp (Explorer & Scout)",
         "ini_section":"Constants",
         "keys":[
            {
               "name":"Mode",
               "type":"Options2",
               "key":"x163",
               "value":1,
               "description":"Asp (Explorer & Scout)"
            }
         ]
      },
      {
         "name":"Corvette",
         "title":"Federal Corvette",
         "ini_section":"Constants",
         "keys":[
            {
               "name":"Bright Round Lights",
               "type":"Options3",
               "key":"y163",
               "value":199,
               "description":"Bright Round Lights."
            },
            {
               "name":"Custom Colour",
               "type":"color",
               "key":"x164|y164|z164",
               "value":1.0,
               "description":"Corvette Round Lights Custom Colour."
            },
            {
               "name":"Brightness",
               "type":"decimal",
               "key":"w164",
               "value":0.1,
               "description":"Brightness for Custom Colour."
            },
            {
               "name":"Lights under dashboard",
               "type":"toggle",
               "key":"z163",
               "value":0,
               "description":"Corvette Lights under dashboard (and other white lights around the cabin)."
            },
            {
               "name":"Logo Brightness",
               "type":"number_dec",
               "key":"y165",
               "value":0.05,
               "description":"Corvette Core Dynamics Logo Brightness."
            },
            {
               "name":"Logo Matte Cover",
               "type":"toggle",
               "key":"z165",
               "value":1,
               "description":"Add matte cover to bright metal under Core Dynamics logo"
            }
         ]
      },
      {
         "name":"Anaconda",
         "title":"Anaconda",
         "ini_section":"Constants",
         "keys":[
            {
               "name":"Mode",
               "type":"Options3",
               "key":"x167",
               "value":0,
               "description":"Custom is the better option for these lights."
            },
            {
               "name":"Custom Colour",
               "type":"color",
               "key":"x161|y161|z161",
               "value":1.0,
               "description":"Custom Colour."
            },
            {
               "name":"Brightness",
               "type":"decimal",
               "key":"w161",
               "value":1.0,
               "description":"Brightness for Custom Colour."
            }
         ]
      },
      {
         "name":"Gutamaya",
         "title":"Imperial Ships (Gutamaya)",
         "ini_section":"Constants",
         "keys":[
            {
               "name":"Stripe Lights",
               "type":"Options4",
               "key":"w163",
               "value":199,
               "description":"."
            },
            {
               "name":"Custom Colour",
               "type":"color",
               "key":"x162|y162|z162",
               "value":1.0,
               "description":"Custom Colour."
            },
            {
               "name":"Brightness",
               "type":"decimal",
               "key":"w162",
               "value":0.5,
               "description":"Brightness for Custom Colour."
            },
            {
               "name":"Cutter Dashboard Lights",
               "type":"Options3",
               "key":"w165",
               "value":199,
               "description":"."
            },

            {
               "name":"Cutter Dashboard Lights Custom Colour",
               "type":"color",
               "key":"x166|y166|z166",
               "value":1.0,
               "description":"Custom Colour."
            },
            {
               "name":"Cutter Dashboard Lights Brightness",
               "type":"decimal",
               "key":"w166",
               "value":1.0,
               "description":"Brightness for Custom Colour."
            }
         ]
      },
      {
         "name":"Chieftain / Challenger",
         "title":"Chieftain / Challenger",
         "ini_section":"Constants",
         "keys":[
            {
               "name":"Lights",
               "type":"toggle",
               "key":"y167",
               "value":0,
               "description":"(Crusader has a separate shader and will be modded later)."
            }
         ]
      },
      {
         "name":"Dolphin",
         "title":"Dolphin Dashboard Lights",
         "ini_section":"Constants",
         "keys":[
            {
               "name":"Dashboard Lights Brightness",
               "type":"number_dec",
               "key":"z167",
               "value":0.5,
               "description":"Range 0 to 1. Set to 2 for dimmed grey"
            }
         ]
      },
	  {
		"name":"Type 10 Defender",
		"title":"T10 Dashboard Lights",
		"ini_section":"Constants",
		"keys":[
		   {
			  "name":"Dashboard Lights Brightness",
			  "type":"number_dec",
			  "key":"z83",
			  "value":0.2,
			  "description":"Range 0 to 1. Set to 2 for dimmed grey"
		   }
		]
	 }
   ],
   "types":[
      {
         "type":"text",
         "name":"Text",
         "value":""
      },
      {
         "type":"number",
         "name":"Integer Number",
         "value":""
      },
      {
         "type":"number_dec",
         "name":"Decimal Number",
         "value":""
      },
      {
         "type":"decimal",
         "name":"Decimal Number",
         "value":""
      },
      {
         "type":"decimal_1x",
         "name":"Decimal Number",
         "value":""
      },
      {
         "type":"color",
         "name":"Color Value",
         "value":""
      },
      {
         "type":"toggle",
         "name":"ON/OFF Switch",
         "value":""
      }
   ],
   "custom_types":[
      {
         "type":"Options",
         "name":"Default Elite",
         "value":"0"
      },
      {
         "type":"Options",
         "name":"Turn off Bloom only on Upper Lights",
         "value":"1"
      },
      {
         "type":"Options",
         "name":"Remove light bulb from Upper Lights",
         "value":"2"
      },
      {
         "type":"Options",
         "name":"Blackout (horizontal black lines on Upper Lights)",
         "value":"3"
      },
      {
         "type":"Options",
         "name":"All Internal lights off",
         "value":"4"
      },
      {
         "type":"Options2",
         "name":"Default Elite",
         "value":"0"
      },
      {
         "type":"Options2",
         "name":"Remove light bulb from Side lights (left and right)",
         "value":"1"
      },
      {
         "type":"Options2",
         "name":"Remove light bulbs from Side Lights, Floor Lights, and Overhead Light",
         "value":"2"
      },

      {
         "type":"Options3",
         "name":"Default Elite",
         "value":"0"
      },
      {
         "type":"Options3",
         "name":"Custom Colour",
         "value":"1"
      },
      {
         "type":"Options3",
         "name":"Remove bulb",
         "value":"2"
      },
      {
         "type":"Options3",
         "name":"XML",
         "value":"199"
      },

      {
         "type":"Options4",
         "name":"Default Elite",
         "value":"0"
      },
      {
         "type":"Options4",
         "name":"Custom Colour",
         "value":"1"
      },
      {
         "type":"Options4",
         "name":"XML",
         "value":"199"
      }
   ]
}