{
  "mod_name": "Thick Orbit Lines Mod",
  "author": "psychicEgg",
  "description": "This mod controls the glow and thickness of the orbit / gravity well / exclusion zone lines for Elite Dangerous 4.0 Update 15 Version. v1.15.0",
  "file": "ThickOrbitLines.ini",
  "file_full": null,
  "read_me":null,"managed":true,
  "managed": true,
  "mod_type":"INIConfig",
  "read_me": "<p align=center><size=+4><b>Thick Orbit Lines Mod</b></size></p>
<p align=center>By psychicEgg</p>
<br>
<p align=left>With this 3PM you can increase the glow and width of your orbit / gravity well / exclusion zone lines (in addition to setting their colour and brightness in the main mod).</p>
<br>
<p align=left>The effect applies to all types of lines (orbit, gravity well, exclusion zone) as they can't be separated in this particular shader.</p>
<br>
<p align=left><b>Please note: FDev never intended for the orbit lines to be stretched, so they have a crosshatch pattern in the middle - it's not a bug, it's a feature.</b></p>
<br>
<image=ThickOrbitLinesImage.png;size=500,281;align=top>
   ",
	"sections": [
    {
      "name": "LineSettings",
      "title": "Line Settings",
      "ini_section": "constants",
      "keys": [
        {
          "name": "Orbit Lines Glow",
          "type": "Selector",
          "key": "z112",
          "value": 1,
          "description": "Orbit Lines Glow"
        },
        {
          "name": "Orbit Lines Width",
          "type": "Selector",
          "key": "w112",
          "value": 0,
          "description": "Orbit Lines Width"
        },
      ]
    }
  ],
 "types": [
    {
      "type": "text",
      "name": "Text",
      "value": ""
    },
    {
      "type": "number",
      "name": "Integer Number",
      "value": ""
    },
    {
      "type": "decimal",
      "name": "Decimal Number",
      "value": ""
    },
    {
      "type": "color",
      "name": "Color Value",
      "value": ""
    },
    {
      "type": "toggle",
      "name": "ON/OFF Switch",
      "value": ""
    }
  ],
  "custom_types": [
    {
      "type": "Selector",
      "name": "Elite Default Mode",
      "value": 0
    },
    {
      "type": "Selector",
      "name": "Recommended",
      "value": 1
    },
    {
      "type": "Selector",
      "name": "Maximum",
      "value": 2
    }
  ]
}