{
   "mod_name":"Hyperspace Mod",
   "author":"CMDR FRED89210",
   "description":"This Mod Customize your Hyperspace Jumps.<br>For Elite Dangerous 4.1.0.2. v1.100.2",
   "version":"1.100.2",
   "file":"HyperspaceMod.ini",
   "file_full":null,
   "read_me":null,
   "managed":true,
   "mod_type":"INIConfig",
   "read_me":"<p align=center><size=+4><b>Hyperspace Mod</b></size></p><br><p align=center>By CMDR FRED89210</p><br><br><br><p align=center>This Mod Customize your Hyperspace Jumps.</p><br><p align=center>Automatically Turn Off the HUD in Hyperspace,</p><br><p align=center>Disable the Light emitted by the Destination Star,</p><br><p align=center>Or make Hyperspace Jumps Very Dark and Scary.</p><br><br><br><p align=center>NOTE: This Mod does NOT affect ARX items, some Cockpit Night Lights,</p><br><p align=center>and does NOT modify Fleet Carrier Jumps.</p><br><br><br><p align=center><a href=https://youtu.be/_6dEIdR6wWA>Click here to see Preview Video</a></p><br><p align=center><image=Hyperspace_Mod_Preview.jpg;size=500,281;align=top></p><br>",
   "sections":[
      {
         "name":"HyperspaceModOptions",
         "title":"Customize Hyperspace Jumps<br>Check to Enable Mod",
         "ini_section":"Constants",
         "keys":[
            {
               "name":"Turn Off HUD in Hyperspace",
               "type":"toggle",
               "key":"global $HyperspaceHUDOff",
               "value":"1",
               "description":"Check to Turn Off HUD and Cockpit Lighting in Hyperspace<br>HUD and Cockpit Lighting reactivates during a Thargoid Hyperdiction",
               "visible":true
            },
            {
               "name":"Disable Star Light in Hyperspace",
               "type":"toggle",
               "key":"global $HyperspaceStarOff",
               "value":"0",
               "description":"Check to Disable Destination Star Light in Hyperspace",
               "visible":true
            },
            {
               "name":"Extra Dark Hyperspace",
               "type":"toggle",
               "key":"global $HyperspaceDustOff",
               "value":"0",
               "description":"Check to Enable the Extra Dark Hyperspace Mod<br>Combine with both Options above for an even Darker result",
               "visible":true
            }
         ]
      },
      {
         "name":"KeyToogle-HyperspaceHUDOff",
         "title":"Binding Key for HUD in Hyperspace",
         "ini_section":"KeyToogle-HyperspaceHUDOff",
         "keys":[
            {
               "name":"Binding Key for HUD in Hyperspace",
               "type":"key_binding",
               "key":"Key",
               "value":"0x8f",
               "description":"Press this Key to Turn OFF/ON the HUD in Hyperspace",
               "visible":true
            }
         ]
      },
      {
         "name":"KeyToogle-HyperspaceStarOff",
         "title":"Binding Key for Destination Star Light",
         "ini_section":"KeyToogle-HyperspaceStarOff",
         "keys":[
            {
               "name":"Binding Key for Destination Star Light",
               "type":"key_binding",
               "key":"Key",
               "value":"0x8f",
               "description":"Press this Key to Turn OFF/ON the Destination Star Light",
               "visible":true
            }
         ]
      },
      {
         "name":"KeyToogle-HyperspaceDustOff",
         "title":"Binding Key for Extra Dark Hyperspace",
         "ini_section":"KeyToogle-HyperspaceDustOff",
         "keys":[
            {
               "name":"Binding Key for Extra Dark Hyperspace Mode",
               "type":"key_binding",
               "key":"Key",
               "value":"0x8f",
               "description":"Press this Key to Turn OFF/ON the Extra Dark Hyperspace Mode",
               "visible":true
            }
         ]
      },
      {
         "name":"CockpitLightingTransitions",
         "title":"Cockpit Lighting Transitions -- FOR DEVELOPMENT",
         "ini_section":"PresetHyperspaceLoadingHUDOff",
         "keys":[
            {
               "name":"Lighting OFF (in ms)",
               "type":"number",
               "key":"transition",
               "value":"5000",
               "description":"Duration of Lighting Transition in ms. Default = 5000",
               "visible":false
            },
            {
               "name":"Lighting ON (in ms)",
               "type":"number",
               "key":"release_transition",
               "value":"250",
               "description":"Duration of Lighting Transition in ms. Default = 250",
               "visible":false
            }
         ]
      },
      {
         "name":"KeyToogle-DEV-HyperspaceMod",
         "title":"KEYBIND FOR DEVELOPMENT, DO NOT USE",
         "ini_section":"KeyToogle-DEV-HyperspaceMod",
         "keys":[
            {
               "name":"KEYBIND FOR DEVELOPMENT, DO NOT USE",
               "type":"key_binding",
               "key":"Key",
               "value":"0x8f",
               "description":"KEYBIND FOR DEVELOPMENT, DO NOT USE",
               "visible":false
            }
         ]
      }
   ],
   "types":[
      {
         "type":"text",
         "name":"Text",
         "value":""
      },
      {
         "type":"number",
         "name":"Integer Number",
         "value":""
      },
      {
         "type":"decimal",
         "name":"Decimal Number",
         "value":""
      },
      {
         "type":"color",
         "name":"Color Value",
         "value":""
      },
      {
         "type":"toggle",
         "name":"ON/OFF Switch",
         "value":""
      }
   ],
   "custom_types":[
      {
         "type":"ShowModStatus",
         "name":"Don't Show Status In Game",
         "value":""
      },
      {
         "type":"ShowModStatus",
         "name":"Show Status In Game",
         "value":0
      },
      {
         "type":"key_binding",
         "name":"None",
         "value":"0x8f"
      },
      {
         "type":"key_binding",
         "name":"F1",
         "value":"no_modifiers F1"
      },
      {
         "type":"key_binding",
         "name":"F2",
         "value":"no_modifiers F2"
      },
      {
         "type":"key_binding",
         "name":"F3",
         "value":"no_modifiers F3"
      },
      {
         "type":"key_binding",
         "name":"F4",
         "value":"no_modifiers F4"
      },
      {
         "type":"key_binding",
         "name":"F5",
         "value":"no_modifiers F5"
      },
      {
         "type":"key_binding",
         "name":"F6",
         "value":"no_modifiers F6"
      },
      {
         "type":"key_binding",
         "name":"F7",
         "value":"no_modifiers F7"
      },
      {
         "type":"key_binding",
         "name":"F8",
         "value":"no_modifiers F8"
      },
      {
         "type":"key_binding",
         "name":"F9",
         "value":"no_modifiers F9"
      },
      {
         "type":"key_binding",
         "name":"F10",
         "value":"no_modifiers F10"
      },
      {
         "type":"key_binding",
         "name":"F12",
         "value":"no_modifiers F12"
      },
      {
         "type":"key_binding",
         "name":"CTRL + F1",
         "value":"CTRL F1"
      },
      {
         "type":"key_binding",
         "name":"CTRL + F2",
         "value":"CTRL F2"
      },
      {
         "type":"key_binding",
         "name":"CTRL + F3",
         "value":"CTRL F3"
      },
      {
         "type":"key_binding",
         "name":"CTRL + F4",
         "value":"CTRL F4"
      },
      {
         "type":"key_binding",
         "name":"CTRL + F5",
         "value":"CTRL F5"
      },
      {
         "type":"key_binding",
         "name":"CTRL + F6",
         "value":"CTRL F6"
      },
      {
         "type":"key_binding",
         "name":"CTRL + F7",
         "value":"CTRL F7"
      },
      {
         "type":"key_binding",
         "name":"CTRL + F8",
         "value":"CTRL F8"
      },
      {
         "type":"key_binding",
         "name":"CTRL + F9",
         "value":"CTRL F9"
      },
      {
         "type":"key_binding",
         "name":"CTRL + F10",
         "value":"CTRL F10"
      },
      {
         "type":"key_binding",
         "name":"CTRL + F11",
         "value":"CTRL F11"
      },
      {
         "type":"key_binding",
         "name":"CTRL + F12",
         "value":"CTRL F12"
      },
      {
         "type":"key_binding",
         "name":"ALT + F1",
         "value":"ALT F1"
      },
      {
         "type":"key_binding",
         "name":"ALT + F2",
         "value":"ALT F2"
      },
      {
         "type":"key_binding",
         "name":"ALT + F3",
         "value":"ALT F3"
      },
      {
         "type":"key_binding",
         "name":"ALT + F4",
         "value":"ALT F4"
      },
      {
         "type":"key_binding",
         "name":"ALT + F5",
         "value":"ALT F5"
      },
      {
         "type":"key_binding",
         "name":"ALT + F6",
         "value":"ALT F6"
      },
      {
         "type":"key_binding",
         "name":"ALT + F7",
         "value":"ALT F7"
      },
      {
         "type":"key_binding",
         "name":"ALT + F8",
         "value":"ALT F8"
      },
      {
         "type":"key_binding",
         "name":"ALT + F9",
         "value":"ALT F9"
      },
      {
         "type":"key_binding",
         "name":"ALT + F10",
         "value":"ALT F10"
      },
      {
         "type":"key_binding",
         "name":"ALT + F11",
         "value":"ALT F11"
      },
      {
         "type":"key_binding",
         "name":"ALT + F12",
         "value":"ALT F12"
      },
      {
         "type":"key_binding",
         "name":"SHIFT + F1",
         "value":"SHIFT F1"
      },
      {
         "type":"key_binding",
         "name":"SHIFT + F2",
         "value":"SHIFT F2"
      },
      {
         "type":"key_binding",
         "name":"SHIFT + F3",
         "value":"SHIFT F3"
      },
      {
         "type":"key_binding",
         "name":"SHIFT + F4",
         "value":"SHIFT F4"
      },
      {
         "type":"key_binding",
         "name":"SHIFT + F5",
         "value":"SHIFT F5"
      },
      {
         "type":"key_binding",
         "name":"SHIFT + F6",
         "value":"SHIFT F6"
      },
      {
         "type":"key_binding",
         "name":"SHIFT + F7",
         "value":"SHIFT F7"
      },
      {
         "type":"key_binding",
         "name":"SHIFT + F8",
         "value":"SHIFT F8"
      },
      {
         "type":"key_binding",
         "name":"SHIFT + F9",
         "value":"SHIFT F9"
      },
      {
         "type":"key_binding",
         "name":"SHIFT + F10",
         "value":"SHIFT F10"
      },
      {
         "type":"key_binding",
         "name":"SHIFT + F11",
         "value":"SHIFT F11"
      },
      {
         "type":"key_binding",
         "name":"SHIFT + F12",
         "value":"SHIFT F12"
      },
      {
         "type":"key_binding",
         "name":"RCTRL + F1",
         "value":"RCTRL F1"
      },
      {
         "type":"key_binding",
         "name":"RCTRL + F2",
         "value":"RCTRL F2"
      },
      {
         "type":"key_binding",
         "name":"RCTRL + F3",
         "value":"RCTRL F3"
      },
      {
         "type":"key_binding",
         "name":"RCTRL + F4",
         "value":"RCTRL F4"
      },
      {
         "type":"key_binding",
         "name":"RCTRL + F5",
         "value":"RCTRL F5"
      },
      {
         "type":"key_binding",
         "name":"RCTRL + F6",
         "value":"RCTRL F6"
      },
      {
         "type":"key_binding",
         "name":"RCTRL + F7",
         "value":"RCTRL F7"
      },
      {
         "type":"key_binding",
         "name":"RCTRL + F8",
         "value":"RCTRL F8"
      },
      {
         "type":"key_binding",
         "name":"RCTRL + F9",
         "value":"RCTRL F9"
      },
      {
         "type":"key_binding",
         "name":"RCTRL + F10",
         "value":"RCTRL F10"
      },
      {
         "type":"key_binding",
         "name":"RCTRL + F11",
         "value":"RCTRL F11"
      },
      {
         "type":"key_binding",
         "name":"RCTRL + F12",
         "value":"RCTRL F12"
      },
      {
         "type":"key_binding",
         "name":"RCTRL + RALT + F1",
         "value":"RCTRL RALT F1"
      },
      {
         "type":"key_binding",
         "name":"RCTRL + RALT + F2",
         "value":"RCTRL RALT F2"
      },
      {
         "type":"key_binding",
         "name":"RCTRL + RALT + F3",
         "value":"RCTRL RALT F3"
      },
      {
         "type":"key_binding",
         "name":"RCTRL + RALT + F4",
         "value":"RCTRL RALT F4"
      },
      {
         "type":"key_binding",
         "name":"RCTRL + RALT + F5",
         "value":"RCTRL RALT F5"
      },
      {
         "type":"key_binding",
         "name":"RCTRL + RALT + F6",
         "value":"RCTRL RALT F6"
      },
      {
         "type":"key_binding",
         "name":"RCTRL + RALT + F7",
         "value":"RCTRL RALT F7"
      },
      {
         "type":"key_binding",
         "name":"RCTRL + RALT + F8",
         "value":"RCTRL RALT F8"
      },
      {
         "type":"key_binding",
         "name":"RCTRL + RALT + F9",
         "value":"RCTRL RALT F9"
      },
      {
         "type":"key_binding",
         "name":"RCTRL + RALT + F10",
         "value":"RCTRL RALT F10"
      },
      {
         "type":"key_binding",
         "name":"RCTRL + RALT + F11",
         "value":"RCTRL RALT F11"
      },
      {
         "type":"key_binding",
         "name":"RCTRL + RALT + F12",
         "value":"RCTRL RALT F12"
      },
      {
         "type":"key_binding",
         "name":"RALT + F1",
         "value":"RALT F1"
      },
      {
         "type":"key_binding",
         "name":"RALT + F2",
         "value":"RALT F2"
      },
      {
         "type":"key_binding",
         "name":"RALT + F3",
         "value":"RALT F3"
      },
      {
         "type":"key_binding",
         "name":"RALT + F4",
         "value":"RALT F4"
      },
      {
         "type":"key_binding",
         "name":"RALT + F5",
         "value":"RALT F5"
      },
      {
         "type":"key_binding",
         "name":"RALT + F6",
         "value":"RALT F6"
      },
      {
         "type":"key_binding",
         "name":"RALT + F7",
         "value":"RALT F7"
      },
      {
         "type":"key_binding",
         "name":"RALT + F8",
         "value":"RALT F8"
      },
      {
         "type":"key_binding",
         "name":"RALT + F9",
         "value":"RALT F9"
      },
      {
         "type":"key_binding",
         "name":"RALT + F10",
         "value":"RALT F10"
      },
      {
         "type":"key_binding",
         "name":"RALT + F11",
         "value":"RALT F11"
      },
      {
         "type":"key_binding",
         "name":"RALT + F12",
         "value":"RALT F12"
      },
      {
         "type":"key_binding",
         "name":"RSHIFT + F1",
         "value":"RSHIFT F1"
      },
      {
         "type":"key_binding",
         "name":"RSHIFT + F2",
         "value":"RSHIFT F2"
      },
      {
         "type":"key_binding",
         "name":"RSHIFT + F3",
         "value":"RSHIFT F3"
      },
      {
         "type":"key_binding",
         "name":"RSHIFT + F4",
         "value":"RSHIFT F4"
      },
      {
         "type":"key_binding",
         "name":"RSHIFT + F5",
         "value":"RSHIFT F5"
      },
      {
         "type":"key_binding",
         "name":"RSHIFT + F6",
         "value":"RSHIFT F6"
      },
      {
         "type":"key_binding",
         "name":"RSHIFT + F7",
         "value":"RSHIFT F7"
      },
      {
         "type":"key_binding",
         "name":"RSHIFT + F8",
         "value":"RSHIFT F8"
      },
      {
         "type":"key_binding",
         "name":"RSHIFT + F9",
         "value":"RSHIFT F9"
      },
      {
         "type":"key_binding",
         "name":"RSHIFT + F10",
         "value":"RSHIFT F10"
      },
      {
         "type":"key_binding",
         "name":"RSHIFT + F11",
         "value":"RSHIFT F11"
      },
      {
         "type":"key_binding",
         "name":"RSHIFT + F12",
         "value":"RSHIFT F12"
      },
      {
         "type":"key_binding",
         "name":"1",
         "value":"no_modifiers 1"
      },
      {
         "type":"key_binding",
         "name":"2",
         "value":"no_modifiers 2"
      },
      {
         "type":"key_binding",
         "name":"3",
         "value":"no_modifiers 3"
      },
      {
         "type":"key_binding",
         "name":"4",
         "value":"no_modifiers 4"
      },
      {
         "type":"key_binding",
         "name":"5",
         "value":"no_modifiers 5"
      },
      {
         "type":"key_binding",
         "name":"6",
         "value":"no_modifiers 6"
      },
      {
         "type":"key_binding",
         "name":"7",
         "value":"no_modifiers 7"
      },
      {
         "type":"key_binding",
         "name":"8",
         "value":"no_modifiers 8"
      },
      {
         "type":"key_binding",
         "name":"9",
         "value":"no_modifiers 9"
      },
      {
         "type":"key_binding",
         "name":"0",
         "value":"no_modifiers 0"
      },
      {
         "type":"key_binding",
         "name":"CTRL + 1",
         "value":"CTRL 1"
      },
      {
         "type":"key_binding",
         "name":"CTRL + 2",
         "value":"CTRL 2"
      },
      {
         "type":"key_binding",
         "name":"CTRL + 3",
         "value":"CTRL 3"
      },
      {
         "type":"key_binding",
         "name":"CTRL + 4",
         "value":"CTRL 4"
      },
      {
         "type":"key_binding",
         "name":"CTRL + 5",
         "value":"CTRL 5"
      },
      {
         "type":"key_binding",
         "name":"CTRL + 6",
         "value":"CTRL 6"
      },
      {
         "type":"key_binding",
         "name":"CTRL + 7",
         "value":"CTRL 7"
      },
      {
         "type":"key_binding",
         "name":"CTRL + 8",
         "value":"CTRL 8"
      },
      {
         "type":"key_binding",
         "name":"CTRL + 9",
         "value":"CTRL 9"
      },
      {
         "type":"key_binding",
         "name":"CTRL + 0",
         "value":"CTRL 0"
      },
      {
         "type":"key_binding",
         "name":"NUMPAD 1",
         "value":"NUMPAD1"
      },
      {
         "type":"key_binding",
         "name":"NUMPAD 2",
         "value":"NUMPAD2"
      },
      {
         "type":"key_binding",
         "name":"NUMPAD 3",
         "value":"NUMPAD3"
      },
      {
         "type":"key_binding",
         "name":"NUMPAD 4",
         "value":"NUMPAD4"
      },
      {
         "type":"key_binding",
         "name":"NUMPAD 5",
         "value":"NUMPAD5"
      },
      {
         "type":"key_binding",
         "name":"NUMPAD 6",
         "value":"NUMPAD6"
      },
      {
         "type":"key_binding",
         "name":"NUMPAD 7",
         "value":"NUMPAD7"
      },
      {
         "type":"key_binding",
         "name":"NUMPAD 8",
         "value":"NUMPAD8"
      },
      {
         "type":"key_binding",
         "name":"NUMPAD 9",
         "value":"NUMPAD9"
      },
      {
         "type":"key_binding",
         "name":"NUMPAD 0",
         "value":"NUMPAD0"
      },
      {
         "type":"key_binding",
         "name":"MOUSE LEFT",
         "value":"LBUTTON"
      },
      {
         "type":"key_binding",
         "name":"MOUSE RIGHT",
         "value":"RBUTTON"
      },
      {
         "type":"key_binding",
         "name":"MOUSE MIDDLE",
         "value":"MBUTTON"
      },
      {
         "type":"key_binding",
         "name":"SHIFT + MOUSE LEFT",
         "value":"SHIFT LBUTTON"
      },
      {
         "type":"key_binding",
         "name":"SHIFT + MOUSE RIGHT",
         "value":"SHIFT RBUTTON"
      },
      {
         "type":"key_binding",
         "name":"SHIFT + MOUSE MIDDLE",
         "value":"SHIFT MBUTTON"
      },
      {
         "type":"key_binding",
         "name":"CTRL + MOUSE LEFT",
         "value":"CTRL LBUTTON"
      },
      {
         "type":"key_binding",
         "name":"CTRL + MOUSE RIGHT",
         "value":"CTRL RBUTTON"
      },
      {
         "type":"key_binding",
         "name":"CTRL + MOUSE MIDDLE",
         "value":"CTRL MBUTTON"
      }
   ]
}