{
  "mod_name": "Odyssey Light Night Mod",
  "author": "CMDR R^L",
  "description": "This Mod Controls the Light Reflection. For Elite Dangerous 4.0 U18.00. v0.01.71",
  "version": "0.01.71",
  "file": "lightnight.ini",
  "file_full": null,
  "read_me": null,
  "managed": true,
  "mod_type": "INIConfig",
  "read_me": "<p align=center><size=+4><b>Odyssey Light Night Mod</b></size></p>
<p align=center>By CMDR R^L</p>
<br>
<p align=left>This mod turns off the Light Reflection in SRV + SHIP + STATIONS and on foot.</p>
<p align=left>Use this mod FOR COMBAT and less eye stress in some places like near sun or goid stations fight.</p>
<p align=left>Light Reflection would hurt your cute eye's so this mod i made for such thing.</p>
<br>
<p align=center><b>THIS MODE IS BETA</b> all comments are welcome.</p>
<br>
<p align=left><b>Off mod when take pic in Elite especially planets it have some side effects so use this mod only when there is hurt eye Light Reflection.</b></p>
<br>
<p align=left>Fly Safe. o7
<br>
<p align=center><a href=https://cdn.discordapp.com/attachments/897503811944460388/1210711129660067940/359320_20221229034130_1_copy.png?ex=65eb8d9b&is=65d9189b&hm=d9527600caa11c773ccb1b46be86dd908ee038b2d1f4fede70ab545d8bf3428b&>Preview</a></p>
<p align=center><image=LightNightModCompare.jpg;size=500,281;align=top></p>
   ",
  "sections": [
    {
      "name": "keyToogle-Light-Night",
      "title": "Toogle Light Night (Press this Key to turn off/on the Light Night)",
      "ini_section": "keyToogle-Light-Night",
      "keys": [
        {
          "name": "Binding Key",
          "type": "key_binding",
          "key": "Key",
          "value": "no_modifiers F5",
		  "visible":true,
          "description": "Choose a Key to Bind"
        },
		
      ]
    },
  ],
  "types": [
    {
      "type": "text",
      "name": "Text",
      "value": ""
    },
    {
      "type": "number",
      "name": "Integer Number",
      "value": ""
    },
    {
      "type": "decimal",
      "name": "Decimal Number",
      "value": ""
    },
    {
      "type": "color",
      "name": "Color Value",
      "value": ""
    },
    {
      "type": "toggle",
      "name": "ON/OFF Switch",
      "value": ""
    }
  ],
  "custom_types": [
    { "type": "key_binding", "name": "None"                , "value": "0x8f"             },
    { "type": "key_binding", "name": "F1"                  , "value": "no_modifiers F1"  },
    { "type": "key_binding", "name": "F2"                  , "value": "no_modifiers F2"  },
    { "type": "key_binding", "name": "F3"                  , "value": "no_modifiers F3"  },
    { "type": "key_binding", "name": "F4"                  , "value": "no_modifiers F4"  },
    { "type": "key_binding", "name": "F5"                  , "value": "no_modifiers F5"  },
    { "type": "key_binding", "name": "F6"                  , "value": "no_modifiers F6"  },
    { "type": "key_binding", "name": "F7"                  , "value": "no_modifiers F7"  },
    { "type": "key_binding", "name": "F8"                  , "value": "no_modifiers F8"  },
    { "type": "key_binding", "name": "F9"                  , "value": "no_modifiers F9"  },
    { "type": "key_binding", "name": "F10"                 , "value": "no_modifiers F10" },
    { "type": "key_binding", "name": "F12"                 , "value": "no_modifiers F12" },
    { "type": "key_binding", "name": "CTRL + F1"           , "value": "CTRL F1"          },
    { "type": "key_binding", "name": "CTRL + F2"           , "value": "CTRL F2"          },
    { "type": "key_binding", "name": "CTRL + F3"           , "value": "CTRL F3"          },
    { "type": "key_binding", "name": "CTRL + F4"           , "value": "CTRL F4"          },
    { "type": "key_binding", "name": "CTRL + F5"           , "value": "CTRL F5"          },
    { "type": "key_binding", "name": "CTRL + F6"           , "value": "CTRL F6"          },
    { "type": "key_binding", "name": "CTRL + F7"           , "value": "CTRL F7"          },
    { "type": "key_binding", "name": "CTRL + F8"           , "value": "CTRL F8"          },
    { "type": "key_binding", "name": "CTRL + F9"           , "value": "CTRL F9"          },
    { "type": "key_binding", "name": "CTRL + F10"          , "value": "CTRL F10"         },
    { "type": "key_binding", "name": "CTRL + F11"          , "value": "CTRL F11"         },
    { "type": "key_binding", "name": "CTRL + F12"          , "value": "CTRL F12"         },
    { "type": "key_binding", "name": "ALT + F1"            , "value": "ALT F1"           },
    { "type": "key_binding", "name": "ALT + F2"            , "value": "ALT F2"           },
    { "type": "key_binding", "name": "ALT + F3"            , "value": "ALT F3"           },
    { "type": "key_binding", "name": "ALT + F4"            , "value": "ALT F4"           },
    { "type": "key_binding", "name": "ALT + F5"            , "value": "ALT F5"           },
    { "type": "key_binding", "name": "ALT + F6"            , "value": "ALT F6"           },
    { "type": "key_binding", "name": "ALT + F7"            , "value": "ALT F7"           },
    { "type": "key_binding", "name": "ALT + F8"            , "value": "ALT F8"           },
    { "type": "key_binding", "name": "ALT + F9"            , "value": "ALT F9"           },
    { "type": "key_binding", "name": "ALT + F10"           , "value": "ALT F10"          },
    { "type": "key_binding", "name": "ALT + F11"           , "value": "ALT F11"          },
    { "type": "key_binding", "name": "ALT + F12"           , "value": "ALT F12"          },
    { "type": "key_binding", "name": "SHIFT + F1"          , "value": "SHIFT F1"         },
    { "type": "key_binding", "name": "SHIFT + F2"          , "value": "SHIFT F2"         },
    { "type": "key_binding", "name": "SHIFT + F3"          , "value": "SHIFT F3"         },
    { "type": "key_binding", "name": "SHIFT + F4"          , "value": "SHIFT F4"         },
    { "type": "key_binding", "name": "SHIFT + F5"          , "value": "SHIFT F5"         },
    { "type": "key_binding", "name": "SHIFT + F6"          , "value": "SHIFT F6"         },
    { "type": "key_binding", "name": "SHIFT + F7"          , "value": "SHIFT F7"         },
    { "type": "key_binding", "name": "SHIFT + F8"          , "value": "SHIFT F8"         },
    { "type": "key_binding", "name": "SHIFT + F9"          , "value": "SHIFT F9"         },
    { "type": "key_binding", "name": "SHIFT + F10"         , "value": "SHIFT F10"        },
    { "type": "key_binding", "name": "SHIFT + F11"         , "value": "SHIFT F11"        },
    { "type": "key_binding", "name": "SHIFT + F12"         , "value": "SHIFT F12"        },
    { "type": "key_binding", "name": "RCTRL + F1"          , "value": "RCTRL F1"         },
    { "type": "key_binding", "name": "RCTRL + F2"          , "value": "RCTRL F2"         },
    { "type": "key_binding", "name": "RCTRL + F3"          , "value": "RCTRL F3"         },
    { "type": "key_binding", "name": "RCTRL + F4"          , "value": "RCTRL F4"         },
    { "type": "key_binding", "name": "RCTRL + F5"          , "value": "RCTRL F5"         },
    { "type": "key_binding", "name": "RCTRL + F6"          , "value": "RCTRL F6"         },
    { "type": "key_binding", "name": "RCTRL + F7"          , "value": "RCTRL F7"         },
    { "type": "key_binding", "name": "RCTRL + F8"          , "value": "RCTRL F8"         },
    { "type": "key_binding", "name": "RCTRL + F9"          , "value": "RCTRL F9"         },
    { "type": "key_binding", "name": "RCTRL + F10"         , "value": "RCTRL F10"        },
    { "type": "key_binding", "name": "RCTRL + F11"         , "value": "RCTRL F11"        },
    { "type": "key_binding", "name": "RCTRL + F12"         , "value": "RCTRL F12"        },
    { "type": "key_binding", "name": "RCTRL + RALT + F1"   , "value": "RCTRL RALT F1"    },
    { "type": "key_binding", "name": "RCTRL + RALT + F2"   , "value": "RCTRL RALT F2"    },
    { "type": "key_binding", "name": "RCTRL + RALT + F3"   , "value": "RCTRL RALT F3"    },
    { "type": "key_binding", "name": "RCTRL + RALT + F4"   , "value": "RCTRL RALT F4"    },
    { "type": "key_binding", "name": "RCTRL + RALT + F5"   , "value": "RCTRL RALT F5"    },
    { "type": "key_binding", "name": "RCTRL + RALT + F6"   , "value": "RCTRL RALT F6"    },
    { "type": "key_binding", "name": "RCTRL + RALT + F7"   , "value": "RCTRL RALT F7"    },
    { "type": "key_binding", "name": "RCTRL + RALT + F8"   , "value": "RCTRL RALT F8"    },
    { "type": "key_binding", "name": "RCTRL + RALT + F9"   , "value": "RCTRL RALT F9"    },
    { "type": "key_binding", "name": "RCTRL + RALT + F10"  , "value": "RCTRL RALT F10"   },
    { "type": "key_binding", "name": "RCTRL + RALT + F11"  , "value": "RCTRL RALT F11"   },
    { "type": "key_binding", "name": "RCTRL + RALT + F12"  , "value": "RCTRL RALT F12"   },
    { "type": "key_binding", "name": "RALT + F1"           , "value": "RALT F1"          },
    { "type": "key_binding", "name": "RALT + F2"           , "value": "RALT F2"          },
    { "type": "key_binding", "name": "RALT + F3"           , "value": "RALT F3"          },
    { "type": "key_binding", "name": "RALT + F4"           , "value": "RALT F4"          },
    { "type": "key_binding", "name": "RALT + F5"           , "value": "RALT F5"          },
    { "type": "key_binding", "name": "RALT + F6"           , "value": "RALT F6"          },
    { "type": "key_binding", "name": "RALT + F7"           , "value": "RALT F7"          },
    { "type": "key_binding", "name": "RALT + F8"           , "value": "RALT F8"          },
    { "type": "key_binding", "name": "RALT + F9"           , "value": "RALT F9"          },
    { "type": "key_binding", "name": "RALT + F10"          , "value": "RALT F10"         },
    { "type": "key_binding", "name": "RALT + F11"          , "value": "RALT F11"         },
    { "type": "key_binding", "name": "RALT + F12"          , "value": "RALT F12"         },
    { "type": "key_binding", "name": "RSHIFT + F1"         , "value": "RSHIFT F1"        },
    { "type": "key_binding", "name": "RSHIFT + F2"         , "value": "RSHIFT F2"        },
    { "type": "key_binding", "name": "RSHIFT + F3"         , "value": "RSHIFT F3"        },
    { "type": "key_binding", "name": "RSHIFT + F4"         , "value": "RSHIFT F4"        },
    { "type": "key_binding", "name": "RSHIFT + F5"         , "value": "RSHIFT F5"        },
    { "type": "key_binding", "name": "RSHIFT + F6"         , "value": "RSHIFT F6"        },
    { "type": "key_binding", "name": "RSHIFT + F7"         , "value": "RSHIFT F7"        },
    { "type": "key_binding", "name": "RSHIFT + F8"         , "value": "RSHIFT F8"        },
    { "type": "key_binding", "name": "RSHIFT + F9"         , "value": "RSHIFT F9"        },
    { "type": "key_binding", "name": "RSHIFT + F10"        , "value": "RSHIFT F10"       },
    { "type": "key_binding", "name": "RSHIFT + F11"        , "value": "RSHIFT F11"       },
    { "type": "key_binding", "name": "RSHIFT + F12"        , "value": "RSHIFT F12"       },
    { "type": "key_binding", "name": "1"                   , "value": "no_modifiers 1"   },
    { "type": "key_binding", "name": "2"                   , "value": "no_modifiers 2"   },
    { "type": "key_binding", "name": "3"                   , "value": "no_modifiers 3"   },
    { "type": "key_binding", "name": "4"                   , "value": "no_modifiers 4"   },
    { "type": "key_binding", "name": "5"                   , "value": "no_modifiers 5"   },
    { "type": "key_binding", "name": "6"                   , "value": "no_modifiers 6"   },
    { "type": "key_binding", "name": "7"                   , "value": "no_modifiers 7"   },
    { "type": "key_binding", "name": "8"                   , "value": "no_modifiers 8"   },
    { "type": "key_binding", "name": "9"                   , "value": "no_modifiers 9"   },
    { "type": "key_binding", "name": "0"                   , "value": "no_modifiers 0"   },
    { "type": "key_binding", "name": "CTRL + 1"            , "value": "CTRL 1"           },
    { "type": "key_binding", "name": "CTRL + 2"            , "value": "CTRL 2"           },
    { "type": "key_binding", "name": "CTRL + 3"            , "value": "CTRL 3"           },
    { "type": "key_binding", "name": "CTRL + 4"            , "value": "CTRL 4"           },
    { "type": "key_binding", "name": "CTRL + 5"            , "value": "CTRL 5"           },
    { "type": "key_binding", "name": "CTRL + 6"            , "value": "CTRL 6"           },
    { "type": "key_binding", "name": "CTRL + 7"            , "value": "CTRL 7"           },
    { "type": "key_binding", "name": "CTRL + 8"            , "value": "CTRL 8"           },
    { "type": "key_binding", "name": "CTRL + 9"            , "value": "CTRL 9"           },
    { "type": "key_binding", "name": "CTRL + 0"            , "value": "CTRL 0"           },
    { "type": "key_binding", "name": "NUMPAD 1"            , "value": "NUMPAD1"          },
    { "type": "key_binding", "name": "NUMPAD 2"            , "value": "NUMPAD2"          },
    { "type": "key_binding", "name": "NUMPAD 3"            , "value": "NUMPAD3"          },
    { "type": "key_binding", "name": "NUMPAD 4"            , "value": "NUMPAD4"          },
    { "type": "key_binding", "name": "NUMPAD 5"            , "value": "NUMPAD5"          },
    { "type": "key_binding", "name": "NUMPAD 6"            , "value": "NUMPAD6"          },
    { "type": "key_binding", "name": "NUMPAD 7"            , "value": "NUMPAD7"          },
    { "type": "key_binding", "name": "NUMPAD 8"            , "value": "NUMPAD8"          },
    { "type": "key_binding", "name": "NUMPAD 9"            , "value": "NUMPAD9"          },
    { "type": "key_binding", "name": "NUMPAD 0"            , "value": "NUMPAD0"          },
    { "type": "key_binding", "name": "MOUSE LEFT"          , "value": "LBUTTON"          },
    { "type": "key_binding", "name": "MOUSE RIGHT"         , "value": "RBUTTON"          },
    { "type": "key_binding", "name": "MOUSE MIDDLE"        , "value": "MBUTTON"          },
    { "type": "key_binding", "name": "SHIFT + MOUSE LEFT"  , "value": "SHIFT LBUTTON"    },
    { "type": "key_binding", "name": "SHIFT + MOUSE RIGHT" , "value": "SHIFT RBUTTON"    },
    { "type": "key_binding", "name": "SHIFT + MOUSE MIDDLE", "value": "SHIFT MBUTTON"    },
    { "type": "key_binding", "name": "CTRL + MOUSE LEFT"   , "value": "CTRL LBUTTON"     },
    { "type": "key_binding", "name": "CTRL + MOUSE RIGHT"  , "value": "CTRL RBUTTON"     },
    { "type": "key_binding", "name": "CTRL + MOUSE MIDDLE" , "value": "CTRL MBUTTON"     }
   ]
}