{
  "mod_name": "Thick Orbit Lines v1.1",
  "author": "psychicEgg",
  "description": "The thiccest orbit lines in the galaxy!",
  "file": "ThickOrbitLines.ini",
  "file_full": null,
  "managed": true,
  "sections": [
    {
      "name": "ThickOrbitLines",
      "title": "Orbit Lines Tweaks\n\nSet the colour of your orbit lines in the Special Effects section\n\nNote: Also affects gravity well and exclusion zone lines\n\n",
      "ini_section": "constants",
      "keys": [
        {
          "name": "Orbit Lines Glow",
          "type": "decimal",
          "key": "z112",
          "value": "0",
          "description": "Default = 0"
        },
        {
          "name": "Orbit Lines Width",
          "type": "decimal",
          "key": "w112",
          "value": "0",
          "description": "Default = 0"
        }
      ]
    }
  ],
  "dependencies": [
    "ShaderFixes\\5a64dc7888430658-vs.txt"
  ],
  "types": [
    {
      "type": "decimal",
      "name": "Decimal Number",
      "value": "This will show a Slider with range -2.0 to +2.0"
    }
  ]
}