{
  "mod_name": "Enhanced Biome Overlay",
  "author": "psychicEgg",
  "description": "Enhanced Biome Overlay",
  "file": "BiomeOverlay.ini",
  "file_full": null,
  "managed": true,
  "sections": [
    {
      "name": "BiomeOverlay",
      "title": "Enhanced Biome Overlay",
      "ini_section": "constants",
      "keys": [
        {
          "name": "Biome Overlay Mode",
          "type": "BiomeModeOptions",
          "key": "w102",
          "value": 0,
          "description": ""
        },
        {
          "name": "Custom Colour",
          "type": "color",
          "key": "x186|y186|z186",
          "value": "-1",
          "visible": true,
          "description": ""
        }
      ]
    }
  ],
  "dependencies": [
    "ShaderFixes\\07f5fbdc7437e1d9-ps.txt",
    "ShaderFixes\\1379026865ce1904-ps.txt",
	"ShaderFixes\\4dd380f100fd0c0b-ps.txt",
	"ShaderFixes\\7abddfdcf5d7bb79-ps.txt",
	"ShaderFixes\\85535efd66b9f2e5-ps.txt",
    "ShaderFixes\\8a22dad6948741ec-ps.txt"
  ],
  "types": [
    {
      "type": "color",
      "name": "Color Value",
      "value": "This will Show a Color Picker"
    }
  ],
  "custom_types": [
    {
      "type": "BiomeModeOptions",
      "name": "Elite Default",
      "value": 0
    },
    {
      "type": "BiomeModeOptions",
      "name": "Method 1: Custom target colour",
      "value": 1
    },
    {
      "type": "BiomeModeOptions",
      "name": "Method 2: Custom colour plus visible terrain",
      "value": 2
    }
  ]
}