{
  "mod_name": "CPM - Imperial Eagle",
  "theme_name": "@Elite Default",
  "author": "psychicEgg",
  "description": "CPM for Imperial Eagle (Elite Default)",
  "file": "CPM-iEagle.ini",
  "file_full": null,
  "read_me": null,
  "managed": true,
  "mod_type": "INIConfig",
  "sections": [
    {
      "name": "INTRO",
      "title": "\nCockpit Paint Mod for\t\t\t\t\t\t\t\t\t\t-= IMPERIAL EAGLE =-\n\n",
      "ini_section": "constants",
      "file_override": "CPM-@Cockpit-Paint-Mod.ini",
      "keys": [
        {
          "name": "\nCurrent Ship Loaded:\n\nEnsure this box ---->\ndisplays:  Imperial Eagle\n\n",
          "type": "Options",
          "key": "w158",
          "value": 24,
          "description": " SHIP SELECTION (ID)"
        }
      ]
    },
    {
      "name": "GeneralSettings",
      "title": "\nGeneral Settings\n\n",
      "ini_section": "constants",
      "keys": [
        {
          "name": "Reflectiveness of Structural Surfaces (Mode)",
          "type": "SurfRefMode",
          "key": "$PanelRefMode",
          "value": 0,
          "description": "Only applies to structural cockpit surfaces\n\nMay not apply to some accessories"
        },
        {
          "name": "Reflectiveness (Default = 10, Must be > 0)",
          "type": "decimal",
          "key": "$PanelRefBright",
          "value": 1,
          "description": "Default = 10, Must be > 0"
        },
        {
          "name": "\nToggle Blemish / Fingerprint Reduction\n\nOnly turn this on if you notice blemishes\nthat look like blurry hand-prints\n\nThey most often occur when using\nShiny Mode or Smooth Mode\n\n",
          "type": "toggle",
          "key": "y3",
          "value": 0,
          "description": "Only turn this on if you notice blemishes that look like blurry hand-prints\n\nThey most often occur when using Shiny Mode or Smooth Mode"
        }
      ]
    },
    {
      "name": "SECTION-1",
      "title": "\nSection 1: Dashboard 1",
      "ini_section": "constants",
      "keys": [
        {
          "name": "Custom Colour",
          "type": "color",
          "key": "x7|y7|z7",
          "value": "-1",
          "visible": true,
          "description": ""
        },
        {
          "name": "Layer 1 Colour Mode (Main texture)",
          "type": "ColorMode",
          "key": "x20",
          "value": "0",
          "visible": true,
          "description": ""
        },
        {
          "name": "Layer 1 Brightness",
          "type": "decimal_10x",
          "key": "w7",
          "value": "1",
          "visible": true,
          "description": "Default = 10"
        },
        {
          "name": "Layer 2 Colour Mode (Reflections)",
          "type": "ColorMode",
          "key": "x130",
          "value": "0",
          "visible": true,
          "description": ""
        },
        {
          "name": "Layer 2 Brightness",
          "type": "decimal_10x",
          "key": "x23",
          "value": "1",
          "visible": true,
          "description": "Default = 10"
        },
        {
          "name": "Layer 3 Brightness (Shadows/Gamma)",
          "type": "decimal_10x",
          "key": "x25",
          "value": "0",
          "visible": true,
          "description": "Default = 0"
        },
        {
          "name": "Shiny Mode (fade matte layer)",
          "type": "decimal_1x",
          "key": "x168",
          "value": "0",
          "visible": true,
          "description": "Default = 0"
        },
        {
          "name": "Smooth Texture (blend mip maps)",
          "type": "decimal_1x",
          "key": "x153",
          "value": "0",
          "visible": true,
          "description": "Default = 0"
        },
        {
          "name": "\nSmooth Deep Layers\nFirst try:\n - Smooth Textures ↑↑↑\n - Blemish Reduction (Top of page)\n\n",
          "type": "DeepSmoothMode",
          "key": "x116",
          "value": "0",
          "visible": true,
          "description": ""
        }
      ]
    },
    {
      "name": "SECTION-2",
      "title": "\nSection 2: Dashboard 2",
      "ini_section": "constants",
      "keys": [
        {
          "name": "Custom Colour",
          "type": "color",
          "key": "x8|y8|z8",
          "value": "-1",
          "visible": true,
          "description": ""
        },
        {
          "name": "Layer 1 Colour Mode (Main texture)",
          "type": "ColorMode",
          "key": "y20",
          "value": "0",
          "visible": true,
          "description": ""
        },
        {
          "name": "Layer 1 Brightness",
          "type": "decimal_10x",
          "key": "w8",
          "value": "1",
          "visible": true,
          "description": "Default = 10"
        },
        {
          "name": "Layer 2 Colour Mode (Reflections)",
          "type": "ColorMode",
          "key": "y130",
          "value": "0",
          "visible": true,
          "description": ""
        },
        {
          "name": "Layer 2 Brightness",
          "type": "decimal_10x",
          "key": "y23",
          "value": "1",
          "visible": true,
          "description": "Default = 10"
        },
        {
          "name": "Layer 3 Brightness (Shadows/Gamma)",
          "type": "decimal_10x",
          "key": "y25",
          "value": "0",
          "visible": true,
          "description": "Default = 0"
        },
        {
          "name": "Shiny Mode (fade matte layer)",
          "type": "decimal_1x",
          "key": "y168",
          "value": "0",
          "visible": true,
          "description": "Default = 0"
        },
        {
          "name": "Smooth Texture (blend mip maps)",
          "type": "decimal_1x",
          "key": "y153",
          "value": "0",
          "visible": true,
          "description": "Default = 0"
        },
        {
          "name": "\nSmooth Deep Layers\nFirst try:\n - Smooth Textures ↑↑↑\n - Blemish Reduction (Top of page)\n\n",
          "type": "DeepSmoothMode",
          "key": "y116",
          "value": "0",
          "visible": true,
          "description": ""
        }
      ]
    },
    {
      "name": "SECTION-3",
      "title": "\nSection 3: Dashboard 3",
      "ini_section": "constants",
      "keys": [
        {
          "name": "Custom Colour",
          "type": "color",
          "key": "x9|y9|z9",
          "value": "-1",
          "visible": true,
          "description": ""
        },
        {
          "name": "Layer 1 Colour Mode (Main texture)",
          "type": "ColorMode",
          "key": "z20",
          "value": "0",
          "visible": true,
          "description": ""
        },
        {
          "name": "Layer 1 Brightness",
          "type": "decimal_10x",
          "key": "w9",
          "value": "1",
          "visible": true,
          "description": "Default = 10"
        },
        {
          "name": "Layer 2 Colour Mode (Reflections)",
          "type": "ColorMode",
          "key": "z130",
          "value": "0",
          "visible": true,
          "description": ""
        },
        {
          "name": "Layer 2 Brightness",
          "type": "decimal_10x",
          "key": "z23",
          "value": "1",
          "visible": true,
          "description": "Default = 10"
        },
        {
          "name": "Layer 3 Brightness (Shadows/Gamma)",
          "type": "decimal_10x",
          "key": "z25",
          "value": "0",
          "visible": true,
          "description": "Default = 0"
        },
        {
          "name": "Shiny Mode (fade matte layer)",
          "type": "decimal_1x",
          "key": "z168",
          "value": "0",
          "visible": true,
          "description": "Default = 0"
        },
        {
          "name": "Smooth Texture (blend mip maps)",
          "type": "decimal_1x",
          "key": "z153",
          "value": "0",
          "visible": true,
          "description": "Default = 0"
        },
        {
          "name": "\nSmooth Deep Layers\nFirst try:\n - Smooth Textures ↑↑↑\n - Blemish Reduction (Top of page)\n\n",
          "type": "DeepSmoothMode",
          "key": "z116",
          "value": "0",
          "visible": true,
          "description": ""
        }
      ]
    },
    {
      "name": "SECTION-4",
      "title": "\nSection 4: Struts and Rear Panels",
      "ini_section": "constants",
      "keys": [
        {
          "name": "Custom Colour",
          "type": "color",
          "key": "x10|y10|z10",
          "value": "-1",
          "visible": true,
          "description": ""
        },
        {
          "name": "Layer 1 Colour Mode (Main texture)",
          "type": "ColorMode",
          "key": "w20",
          "value": "0",
          "visible": true,
          "description": ""
        },
        {
          "name": "Layer 1 Brightness",
          "type": "decimal_10x",
          "key": "w10",
          "value": "1",
          "visible": true,
          "description": "Default = 10"
        },
        {
          "name": "Layer 2 Colour Mode (Reflections)",
          "type": "ColorMode",
          "key": "w130",
          "value": "0",
          "visible": true,
          "description": ""
        },
        {
          "name": "Layer 2 Brightness",
          "type": "decimal_10x",
          "key": "w23",
          "value": "1",
          "visible": true,
          "description": "Default = 10"
        },
        {
          "name": "Layer 3 Brightness (Shadows/Gamma)",
          "type": "decimal_10x",
          "key": "w25",
          "value": "0",
          "visible": true,
          "description": "Default = 0"
        },
        {
          "name": "Shiny Mode (fade matte layer)",
          "type": "decimal_1x",
          "key": "w168",
          "value": "0",
          "visible": true,
          "description": "Default = 0"
        },
        {
          "name": "Smooth Texture (blend mip maps)",
          "type": "decimal_1x",
          "key": "w153",
          "value": "0",
          "visible": true,
          "description": "Default = 0"
        },
        {
          "name": "\nSmooth Deep Layers\nFirst try:\n - Smooth Textures ↑↑↑\n - Blemish Reduction (Top of page)\n\n",
          "type": "DeepSmoothMode",
          "key": "w116",
          "value": "0",
          "visible": true,
          "description": ""
        }
      ]
    },
    {
      "name": "SECTION-5",
      "title": "\nSection 5: Struts, Radar, & Side Trim",
      "ini_section": "constants",
      "keys": [
        {
          "name": "Custom Colour",
          "type": "color",
          "key": "x11|y11|z11",
          "value": "-1",
          "visible": true,
          "description": ""
        },
        {
          "name": "Layer 1 Colour Mode (Main texture)",
          "type": "ColorMode",
          "key": "x21",
          "value": "0",
          "visible": true,
          "description": ""
        },
        {
          "name": "Layer 1 Brightness",
          "type": "decimal_10x",
          "key": "w11",
          "value": "1",
          "visible": true,
          "description": "Default = 10"
        },
        {
          "name": "Layer 2 Colour Mode (Reflections)",
          "type": "ColorMode",
          "key": "x131",
          "value": "0",
          "visible": true,
          "description": ""
        },
        {
          "name": "Layer 2 Brightness",
          "type": "decimal_10x",
          "key": "x24",
          "value": "1",
          "visible": true,
          "description": "Default = 10"
        },
        {
          "name": "Layer 3 Brightness (Shadows/Gamma)",
          "type": "decimal_10x",
          "key": "x26",
          "value": "0",
          "visible": true,
          "description": "Default = 0"
        },
        {
          "name": "Shiny Mode (fade matte layer)",
          "type": "decimal_1x",
          "key": "x169",
          "value": "0",
          "visible": true,
          "description": "Default = 0"
        },
        {
          "name": "Smooth Texture (blend mip maps)",
          "type": "decimal_1x",
          "key": "x154",
          "value": "0",
          "visible": true,
          "description": "Default = 0"
        },
        {
          "name": "\nSmooth Deep Layers\nFirst try:\n - Smooth Textures ↑↑↑\n - Blemish Reduction (Top of page)\n\n",
          "type": "DeepSmoothMode",
          "key": "x117",
          "value": "0",
          "visible": true,
          "description": ""
        }
      ]
    },
    {
      "name": "SECTION-6",
      "title": "\nSection 6: Strut & Side Trim 2",
      "ini_section": "constants",
      "keys": [
        {
          "name": "Custom Colour",
          "type": "color",
          "key": "x12|y12|z12",
          "value": "-1",
          "visible": true,
          "description": ""
        },
        {
          "name": "Layer 1 Colour Mode (Main texture)",
          "type": "ColorMode",
          "key": "y21",
          "value": "0",
          "visible": true,
          "description": ""
        },
        {
          "name": "Layer 1 Brightness",
          "type": "decimal_10x",
          "key": "w12",
          "value": "1",
          "visible": true,
          "description": "Default = 10"
        },
        {
          "name": "Layer 2 Colour Mode (Reflections)",
          "type": "ColorMode",
          "key": "y131",
          "value": "0",
          "visible": true,
          "description": ""
        },
        {
          "name": "Layer 2 Brightness",
          "type": "decimal_10x",
          "key": "y24",
          "value": "1",
          "visible": true,
          "description": "Default = 10"
        },
        {
          "name": "Layer 3 Brightness (Shadows/Gamma)",
          "type": "decimal_10x",
          "key": "y26",
          "value": "0",
          "visible": true,
          "description": "Default = 0"
        },
        {
          "name": "Shiny Mode (fade matte layer)",
          "type": "decimal_1x",
          "key": "y169",
          "value": "0",
          "visible": true,
          "description": "Default = 0"
        },
        {
          "name": "Smooth Texture (blend mip maps)",
          "type": "decimal_1x",
          "key": "y154",
          "value": "0",
          "visible": true,
          "description": "Default = 0"
        },
        {
          "name": "\nSmooth Deep Layers\nFirst try:\n - Smooth Textures ↑↑↑\n - Blemish Reduction (Top of page)\n\n",
          "type": "DeepSmoothMode",
          "key": "y117",
          "value": "0",
          "visible": true,
          "description": ""
        }
      ]
    },
    {
      "name": "SECTION-7",
      "title": "\nSection 7: Lower Side Trim",
      "ini_section": "constants",
      "keys": [
        {
          "name": "Custom Colour",
          "type": "color",
          "key": "x13|y13|z13",
          "value": "-1",
          "visible": true,
          "description": ""
        },
        {
          "name": "Layer 1 Colour Mode (Main texture)",
          "type": "ColorMode",
          "key": "z21",
          "value": "0",
          "visible": true,
          "description": ""
        },
        {
          "name": "Layer 1 Brightness",
          "type": "decimal_10x",
          "key": "w13",
          "value": "1",
          "visible": true,
          "description": "Default = 10"
        },
        {
          "name": "Layer 2 Colour Mode (Reflections)",
          "type": "ColorMode",
          "key": "z131",
          "value": "0",
          "visible": true,
          "description": ""
        },
        {
          "name": "Layer 2 Brightness",
          "type": "decimal_10x",
          "key": "z24",
          "value": "1",
          "visible": true,
          "description": "Default = 10"
        },
        {
          "name": "Layer 3 Brightness (Shadows/Gamma)",
          "type": "decimal_10x",
          "key": "z26",
          "value": "0",
          "visible": true,
          "description": "Default = 0"
        },
        {
          "name": "Shiny Mode (fade matte layer)",
          "type": "decimal_1x",
          "key": "z169",
          "value": "0",
          "visible": true,
          "description": "Default = 0"
        },
        {
          "name": "Smooth Texture (blend mip maps)",
          "type": "decimal_1x",
          "key": "z154",
          "value": "0",
          "visible": true,
          "description": "Default = 0"
        },
        {
          "name": "\nSmooth Deep Layers\nFirst try:\n - Smooth Textures ↑↑↑\n - Blemish Reduction (Top of page)\n\n",
          "type": "DeepSmoothMode",
          "key": "z117",
          "value": "0",
          "visible": true,
          "description": ""
        }
      ]
    },
    {
      "name": "SECTION-8",
      "title": "\nSection 8: Radar and Ceiling Trim\nLayer 1 Mode 4 with low RGB values works well",
      "ini_section": "constants",
      "keys": [
        {
          "name": "Custom Colour",
          "type": "color",
          "key": "x14|y14|z14",
          "value": "-1",
          "visible": true,
          "description": ""
        },
        {
          "name": "Layer 1 Colour Mode (Main texture)",
          "type": "ColorMode",
          "key": "w21",
          "value": "0",
          "visible": true,
          "description": ""
        },
        {
          "name": "Layer 1 Brightness",
          "type": "decimal_10x",
          "key": "w14",
          "value": "1",
          "visible": true,
          "description": "Default = 10"
        },
        {
          "name": "Layer 2 Colour Mode (Reflections)",
          "type": "ColorMode",
          "key": "w131",
          "value": "0",
          "visible": true,
          "description": ""
        },
        {
          "name": "Layer 2 Brightness",
          "type": "decimal_10x",
          "key": "w24",
          "value": "1",
          "visible": true,
          "description": "Default = 10"
        },
        {
          "name": "Layer 3 Brightness (Shadows/Gamma)",
          "type": "decimal_10x",
          "key": "w26",
          "value": "0",
          "visible": true,
          "description": "Default = 0"
        },
        {
          "name": "Shiny Mode (fade matte layer)",
          "type": "decimal_1x",
          "key": "w169",
          "value": "0",
          "visible": true,
          "description": "Default = 0"
        },
        {
          "name": "Smooth Texture (blend mip maps)",
          "type": "decimal_1x",
          "key": "w154",
          "value": "0",
          "visible": true,
          "description": "Default = 0"
        },
        {
          "name": "\nSmooth Deep Layers\nFirst try:\n - Smooth Textures ↑↑↑\n - Blemish Reduction (Top of page)\n\n",
          "type": "DeepSmoothMode",
          "key": "w117",
          "value": "0",
          "visible": true,
          "description": ""
        }
      ]
    },
    {
      "name": "SECTION-FLOOR",
      "title": "\nFloor",
      "ini_section": "constants",
      "keys": [
        {
          "name": "Colour Mode",
          "type": "FloorColorMode",
          "key": "x22",
          "value": "0",
          "visible": true,
          "description": ""
        },
        {
          "name": "Custom Colour",
          "type": "color",
          "key": "x15|y15|z15",
          "value": "-1",
          "visible": true,
          "description": ""
        },
        {
          "name": "Brightness",
          "type": "decimal_10x",
          "key": "w15",
          "value": "1",
          "visible": true,
          "description": "Default = 10"
        }
      ]
    },
    {
      "name": "SECTION-CHAIRS",
      "title": "\nChairs",
      "ini_section": "constants",
      "keys": [
        {
          "name": "Colour Mode",
          "type": "ChairColorMode",
          "key": "y22",
          "value": "0",
          "visible": true,
          "description": ""
        },
        {
          "name": "Custom Colour",
          "type": "color",
          "key": "x16|y16|z16",
          "value": "-1",
          "visible": true,
          "description": "Custom Colour."
        },
        {
          "name": "Brightness",
          "type": "decimal_10x",
          "key": "w16",
          "value": "1",
          "visible": true,
          "description": "Default = 10"
        }
      ]
    },
    {
      "name": "SECTION-CHAIRS-2",
      "title": "\nMetallic Chair Trim",
      "ini_section": "constants",
      "keys": [
        {
          "name": "Colour Mode",
          "type": "ChairTrimMode",
          "key": "z22",
          "value": "0",
          "visible": true,
          "description": ""
        },
        {
          "name": "Custom Colour",
          "type": "color",
          "key": "x17|y17|z17",
          "value": "-1",
          "visible": true,
          "description": "Custom Colour."
        },
        {
          "name": "Brightness",
          "type": "decimal_10x",
          "key": "w17",
          "value": "1",
          "visible": true,
          "description": "Default = 10"
        }
      ]
    },
    {
      "name": "HOTAS-LIGHTS",
      "title": "\nHOTAS Panel Lights",
      "ini_section": "constants",
      "keys": [
        {
          "name": "Colour Mode",
          "type": "HOTASlightsMode",
          "key": "w124",
          "value": "0",
          "visible": true,
          "description": ""
        },
        {
          "name": "Custom Colour",
          "type": "color",
          "key": "x148|y148|z148",
          "value": "-1",
          "visible": true,
          "description": "Custom Colour."
        },
        {
          "name": "Brightness",
          "type": "decimal",
          "key": "w148",
          "value": "1",
          "visible": true,
          "description": "Default = 10"
        }
      ]
    },
    {
      "name": "SHADOWS",
      "title": "\nPanel Shadows",
      "ini_section": "constants",
      "keys": [
        {
          "name": "Opacity of Shadows",
          "type": "decimal",
          "key": "x234",
          "value": "0.9",
          "visible": true,
          "description": "Default = 9"
        }
      ]
    },
    {
      "name": "CPL",
      "title": "\nImperial Stripe Lights",
      "ini_section": "constants",
      "keys": [
        {
          "name": "Colour Mode",
          "type": "CPLMode",
          "key": "w163",
          "value": "0",
          "visible": true,
          "description": ""
        },
        {
          "name": "Custom Colour",
          "type": "color",
          "key": "x162|y162|z162",
          "value": "-1",
          "visible": true,
          "description": "Stripe Lights Custom Colour."
        },
        {
          "name": "Stripe Lights Brightness\n(for Custom & XML modes)",
          "type": "decimal_10x",
          "key": "w162",
          "value": "1",
          "visible": true,
          "description": "Default = 10"
        },
        {
          "name": "Stripe Lighting Glow",
          "type": "decimal_10x",
          "key": "y123",
          "value": "1",
          "visible": true,
          "description": "Default = 10"
        }
      ]
    },
    {
      "name": "ROUND_LIGHTS",
      "title": "\nRound Lights on Dashboard",
      "ini_section": "constants",
      "keys": [
        {
          "name": "Colour Mode",
          "type": "CPLMode",
          "key": "y163",
          "value": "0",
          "visible": true,
          "description": ""
        },
        {
          "name": "Custom Colour",
          "type": "color",
          "key": "x164|y164|z164",
          "value": "-1",
          "visible": true,
          "description": ""
        },
        {
          "name": "Brightness\n(for Custom & XML modes)\n(1 for low brightness)",
          "type": "decimal",
          "key": "w164",
          "value": "1",
          "visible": true,
          "description": "Default = 10"
        }
      ]
    }
  ],
  "types": [
    {
      "type": "text",
      "name": "Text Box",
      "value": ""
    },
    {
      "type": "number",
      "name": "Integer Number (Spin Edit)",
      "value": ""
    },
    {
      "type": "number_dec",
      "name": "Decimal Number (Spin Edit)",
      "value": ""
    },
    {
      "type": "decimal",
      "name": "Decimal Number (Trackbar 0-2)",
      "value": ""
    },
    {
      "type": "decimal_1x",
      "name": "Decimal Number (Trackbar 0-1)",
      "value": ""
    },
    {
      "type": "decimal_10x",
      "name": "Decimal Number (Trackbar 0-10)",
      "value": ""
    },
    {
      "type": "color",
      "name": "Color Value (Color Dialog)",
      "value": ""
    },
    {
      "type": "toggle",
      "name": "ON/OFF Switch (Values 0,1)",
      "value": ""
    },
    {
      "type": "custom-type",
      "name": "Display a ComboBox with a preset list of items",
      "value": "just use the name on one of the custom types below."
    }
  ],
  "custom_types": [
    {
      "type": "SurfRefMode",
      "name": "Elite Default",
      "value": 0
    },
    {
      "type": "SurfRefMode",
      "name": "All structural surfaces",
      "value": 2
    },
    {
      "type": "DeepSmoothMode",
      "name": "Default Elite, Layer Replacement OFF",
      "value": "0"
    },
    {
      "type": "DeepSmoothMode",
      "name": "Smooth Lighting Layer (often contains texture patterns)",
      "value": "1"
    },
    {
      "type": "DeepSmoothMode",
      "name": "Also smooth base structural layer (may need to increase brightness)",
      "value": "2"
    },
    {
      "type": "Options",
      "name": "No Ship Selected",
      "value": 0
    },
    {
      "type": "Options",
      "name": "Adder",
      "value": 1
    },
    {
      "type": "Options",
      "name": "Alliance Challenger",
      "value": 2
    },
    {
      "type": "Options",
      "name": "Alliance Chieftain",
      "value": 3
    },
    {
      "type": "Options",
      "name": "Alliance Crusader",
      "value": 4
    },
    {
      "type": "Options",
      "name": "Anaconda",
      "value": 5
    },
    {
      "type": "Options",
      "name": "Asp Explorer",
      "value": 6
    },
    {
      "type": "Options",
      "name": "Asp Scout",
      "value": 7
    },
    {
      "type": "Options",
      "name": "Beluga Liner",
      "value": 8
    },
    {
      "type": "Options",
      "name": "Cobra Mk III",
      "value": 9
    },
    {
      "type": "Options",
      "name": "Cobra Mk IV",
      "value": 10
    },
    {
      "type": "Options",
      "name": "Diamondback Explorer",
      "value": 11
    },
    {
      "type": "Options",
      "name": "Diamondback Scout",
      "value": 12
    },
    {
      "type": "Options",
      "name": "Dolphin",
      "value": 13
    },
    {
      "type": "Options",
      "name": "Eagle",
      "value": 14
    },
    {
      "type": "Options",
      "name": "Federal Assault Ship",
      "value": 15
    },
    {
      "type": "Options",
      "name": "Federal Corvette",
      "value": 16
    },
    {
      "type": "Options",
      "name": "Federal Dropship",
      "value": 17
    },
    {
      "type": "Options",
      "name": "Federal Gunship",
      "value": 18
    },
    {
      "type": "Options",
      "name": "Fer-de-Lance",
      "value": 19
    },
    {
      "type": "Options",
      "name": "Hauler",
      "value": 20
    },
    {
      "type": "Options",
      "name": "Imperial Clipper",
      "value": 21
    },
    {
      "type": "Options",
      "name": "Imperial Courier",
      "value": 22
    },
    {
      "type": "Options",
      "name": "Imperial Cutter",
      "value": 23
    },
    {
      "type": "Options",
      "name": "Imperial Eagle",
      "value": 24
    },
    {
      "type": "Options",
      "name": "Keelback",
      "value": 25
    },
    {
      "type": "Options",
      "name": "Krait Mk II",
      "value": 26
    },
    {
      "type": "Options",
      "name": "Krait Phantom",
      "value": 27
    },
    {
      "type": "Options",
      "name": "Mamba",
      "value": 28
    },
    {
      "type": "Options",
      "name": "Orca",
      "value": 29
    },
    {
      "type": "Options",
      "name": "Python",
      "value": 30
    },
    {
      "type": "Options",
      "name": "Sidewinder",
      "value": 31
    },
    {
      "type": "Options",
      "name": "Type-6 Transporter",
      "value": 32
    },
    {
      "type": "Options",
      "name": "Type-7 Transporter",
      "value": 33
    },
    {
      "type": "Options",
      "name": "Type-9 Heavy",
      "value": 34
    },
    {
      "type": "Options",
      "name": "Type-10 Defender",
      "value": 35
    },
    {
      "type": "Options",
      "name": "Viper Mk III",
      "value": 36
    },
    {
      "type": "Options",
      "name": "Viper Mk IV",
      "value": 37
    },
    {
      "type": "Options",
      "name": "Vulture",
      "value": 38
    },
    {
      "type": "Options",
      "name": "SRV - Scarab",
      "value": 39
    },
    {
      "type": "Options",
      "name": "SRV - Scorpion",
      "value": 40
    },
    {
      "type": "Options",
      "name": "SLF - F63 Condor",
      "value": 41
    },
    {
      "type": "Options",
      "name": "SLF - Gu-97",
      "value": 42
    },
    {
      "type": "Options",
      "name": "SLF - Taipan",
      "value": 43
    },
    {
      "type": "Options",
      "name": "SLF - XG7 Trident",
      "value": 44
    },
    {
      "type": "Options",
      "name": "SLF - XG8 Javelin",
      "value": 45
    },
    {
      "type": "Options",
      "name": "SLF - XG9 Lance",
      "value": 46
    },
    {
      "type": "ColorMode",
      "name": "[0]: Default Elite",
      "value": "0"
    },
    {
      "type": "ColorMode",
      "name": "[Test]: Green Test Colour",
      "value": "30"
    },
    {
      "type": "ColorMode",
      "name": "[1]: Direct application of RGB colours without modification",
      "value": "1"
    },
    {
      "type": "ColorMode",
      "name": "[2]: The base texture is converted to greyscale, then colour applied",
      "value": "2"
    },
    {
      "type": "ColorMode",
      "name": "[3]: The reflections layer is converted to greyscale, then colour applied",
      "value": "3"
    },
    {
      "type": "ColorMode",
      "name": "[4]: Layer 1 is copied, then direct colour is applied",
      "value": "4"
    },
    {
      "type": "ColorMode",
      "name": "[5]: Layer 1 is copied, then the base texture is converted to greyscale, then colour applied",
      "value": "5"
    },
    {
      "type": "ColorMode",
      "name": "[6]: Layer 1 is copied, then the reflections layer is converted to greyscale, then colour applied",
      "value": "6"
    },
    {
      "type": "ColorMode",
      "name": "[7]: Layer 2 is copied, then direct colour is applied",
      "value": "7"
    },
    {
      "type": "ColorMode",
      "name": "[8]: Layer 2 is copied, then the base texture is converted to greyscale, then colour applied",
      "value": "8"
    },
    {
      "type": "ColorMode",
      "name": "[9]: Layer 2 is copied, then the reflections layer is converted to greyscale, then colour applied",
      "value": "9"
    },
    {
      "type": "FloorColorMode",
      "name": "Default Elite",
      "value": "0"
    },
    {
      "type": "FloorColorMode",
      "name": "Method 1 ",
      "value": "1"
    },
    {
      "type": "FloorColorMode",
      "name": "Method 2",
      "value": "2"
    },
    {
      "type": "FloorColorMode",
      "name": "[Test]: Green Test Colour",
      "value": "30"
    },
    {
      "type": "ChairColorMode",
      "name": "Default Elite",
      "value": "0"
    },
    {
      "type": "ChairColorMode",
      "name": "Method 1 (Direct Colour)",
      "value": "1"
    },
    {
      "type": "ChairColorMode",
      "name": "Method 2 (Blended with default white)",
      "value": "2"
    },
    {
      "type": "ChairColorMode",
      "name": "Method 3 (Saturated 1, Set Metal to Default)",
      "value": "3"
    },
    {
      "type": "ChairColorMode",
      "name": "Method 4 (Saturated 2, Set Metal to Default)",
      "value": "4"
    },
    {
      "type": "ChairColorMode",
      "name": "[Test]: Green Test Colour",
      "value": "30"
    },
    {
      "type": "HOTASlightsMode",
      "name": "Default Elite",
      "value": "0"
    },
    {
      "type": "HOTASlightsMode",
      "name": "Custom Colour + Default Metallic",
      "value": "1"
    },
    {
      "type": "HOTASlightsMode",
      "name": "Custom Colour + Metallic Light Colour",
      "value": "2"
    },
    {
      "type": "HOTASlightsMode",
      "name": "Custom Colour + Metallic Chair Colour",
      "value": "3"
    },
    {
      "type": "ChairTrimMode",
      "name": "Default Elite",
      "value": "0"
    },
    {
      "type": "ChairTrimMode",
      "name": "Method 1 (Direct Colour)",
      "value": "1"
    },
    {
      "type": "ChairTrimMode",
      "name": "Method 2 (Tint of Default Metal)",
      "value": "2"
    },
    {
      "type": "ChairTrimMode",
      "name": "Method 3 (Neon Blend, Use different colour to chair)",
      "value": "3"
    },
    {
      "type": "ChairTrimMode",
      "name": "[Test]: Green Test Colour",
      "value": "30"
    },
    {
      "type": "CPLMode",
      "name": "Default Elite",
      "value": "0"
    },
    {
      "type": "CPLMode",
      "name": "Custom Colour",
      "value": "1"
    },
    {
      "type": "CPLMode",
      "name": "XML",
      "value": "199"
    }
  ],
  "dependencies": null
}