{
  "mod_name": "CPM [Cockpit Paint Mod]",
  "author": "psychicEgg - CMDR GeorjCostanza",
  "description": "Cockpit Paint Mod v3.18.5 Beta
  <color=#ff8000>DON'T FORGET TO SAVE YOUR CPM THEMES</color></b>",
  "version": "3.18.5",
  "file": "CPM-@Cockpit-Paint-Mod.ini",
  "file_full": null,
  "managed": true,
  "read_me": "<br><p align=center><size=+4><b>Cockpit Paint Mod (CPM) – Helpful Tips</b></size></p><br>
<p align=left>
        <b><color=#ff8000>To edit your cockpit colours:</color></b><br>
          • In the left-side Ship List, click the ship you would like to mod<br>
          • Edit the Layer Mode and Colour Values for each Section you would like to change
            (you don't need to adjust every Section)<br>
          • Hover your mouse above the Brightness boxes to see their default values<br>
          • After you make an adjustment, press F11 in-game to see the result<br><br>
        <b><color=#ff8000>To import a CPM theme:</color></b><br>
        • In the left-side Ship List, click the ship associated with the theme you would like to import<br>
        • On the bottom row of the 3PM screen, click ‘Themes / Import Theme’<br>
        • A file selection box will open, navigate to the zip file containing the theme you would like to install
          Select the theme, then click Open<br>
        • Click the CPM [Cockpit Paint Mod] graphic, then click the target ship graphic<br>
        • Locate the ‘Themes’ button on the far-right edge of the 3PM window,
          and hover your mouse above it (no need to click it)<br>
        • The Themes sidebar will pop out, click a theme you would like to load<br><br>
        Please refer to the <a href=https://github.com/psychicEgg/EDHM/tree/main/Odyssey/3rdPartyMods/CockpitPaintMod>CPM GitHub</a> for instructional guides and videos o7
</p>",
  "sections": [
    {
      "name": "ShipSelection",
      "title": "\n<---   Click the  CPM [Cockpit Paint Mod]  graphic\n          to see the Ship List\n\n          Click the green READ ME button at the bottom for instructions\n\n          - - - - - - - - - - - - - - - - - - - - - - - - - - - - - - -\n\n          Ship Selection (the ship you are modding)\n\n",
      "ini_section": "constants",
      "keys": [
        {
          "name": "Current Ship Loaded:",
          "type": "Options",
          "key": "w158",
          "value": 0,
          "description": " SHIP SELECTION (ID)"
        }
      ]
    },
    {
		"name": "keyToggleGlare",
		"title": "\n\n          Keybind to toggle excessive cockpit glare On / Off\n\n",
		"ini_section": "keyToggleGlare",
		"keys": [
		  {
			"name": "Keybind:",
			"type": "key_binding",
			"key": "Key",
			"value": "None",
			"description": "Choose a Key to bind"
		  }
		]
	  }
  ],
  "dependencies": [
    "ShaderFixes\\47e0842b1fe120e7-ps.txt",
    "ShaderFixes\\4034d618cc7fce8a-ps.txt",
    "ShaderFixes\\529052f4ba7dfa4b-ps.txt",
    "ShaderFixes\\52e173bac7eaf50c-ps.txt",
    "ShaderFixes\\4a342a40ce68d545-ps.txt",
    "ShaderFixes\\6f98f6553f2a1921-ps.txt",
    "ShaderFixes\\9902b4592418cdcd-ps.txt",
    "ShaderFixes\\076b1f06dae0f57c-ps.txt",
    "ShaderFixes\\fb084af30e234b61-ps.txt",
    "ShaderFixes\\73a9bfb12716ba6f-ps.txt",
    "ShaderFixes\\ed7af806a3b319d0-ps.txt",
    "ShaderFixes\\85888626219647d7-ps.txt",
    "ShaderFixes\\e569985b041c66db-ps.txt"
  ],
  "types": [
    {
      "type": "text",
      "name": "Text",
      "value": ""
    },
    {
      "type": "number",
      "name": "Integer Number",
      "value": ""
    },
    {
      "type": "decimal",
      "name": "Decimal Number",
      "value": ""
    },
    {
      "type": "color",
      "name": "Color Value",
      "value": ""
    },
    {
      "type": "toggle",
      "name": "ON/OFF Switch",
      "value": ""
    }
  ],
  "custom_types": [
    {
      "type": "Options",
      "name": "No Ship Selected",
      "value": 0
    },
    {
      "type": "Options",
      "name": "Adder",
      "value": 1
    },
    {
      "type": "Options",
      "name": "Alliance Challenger",
      "value": 2
    },
    {
      "type": "Options",
      "name": "Alliance Chieftain",
      "value": 3
    },
    {
      "type": "Options",
      "name": "Alliance Crusader",
      "value": 4
    },
    {
      "type": "Options",
      "name": "Anaconda",
      "value": 5
    },
    {
      "type": "Options",
      "name": "Asp Explorer",
      "value": 6
    },
    {
      "type": "Options",
      "name": "Asp Scout",
      "value": 7
    },
    {
      "type": "Options",
      "name": "Beluga Liner",
      "value": 8
    },
    {
      "type": "Options",
      "name": "Cobra Mk III",
      "value": 9
    },
    {
      "type": "Options",
      "name": "Cobra Mk IV",
      "value": 10
    },
    {
      "type": "Options",
      "name": "Diamondback Explorer",
      "value": 11
    },
    {
      "type": "Options",
      "name": "Diamondback Scout",
      "value": 12
    },
    {
      "type": "Options",
      "name": "Dolphin",
      "value": 13
    },
    {
      "type": "Options",
      "name": "Eagle",
      "value": 14
    },
    {
      "type": "Options",
      "name": "Federal Assault Ship",
      "value": 15
    },
    {
      "type": "Options",
      "name": "Federal Corvette",
      "value": 16
    },
    {
      "type": "Options",
      "name": "Federal Dropship",
      "value": 17
    },
    {
      "type": "Options",
      "name": "Federal Gunship",
      "value": 18
    },
    {
      "type": "Options",
      "name": "Fer-de-Lance",
      "value": 19
    },
    {
      "type": "Options",
      "name": "Hauler",
      "value": 20
    },
    {
      "type": "Options",
      "name": "Imperial Clipper",
      "value": 21
    },
    {
      "type": "Options",
      "name": "Imperial Courier",
      "value": 22
    },
    {
      "type": "Options",
      "name": "Imperial Cutter",
      "value": 23
    },
    {
      "type": "Options",
      "name": "Imperial Eagle",
      "value": 24
    },
    {
      "type": "Options",
      "name": "Keelback",
      "value": 25
    },
    {
      "type": "Options",
      "name": "Krait Mk II",
      "value": 26
    },
    {
      "type": "Options",
      "name": "Krait Phantom",
      "value": 27
    },
    {
      "type": "Options",
      "name": "Mamba",
      "value": 28
    },
    {
      "type": "Options",
      "name": "Orca",
      "value": 29
    },
    {
      "type": "Options",
      "name": "Python",
      "value": 30
    },
    {
      "type": "Options",
      "name": "Python Mk II",
      "value": 47
    },
    {
      "type": "Options",
      "name": "Sidewinder",
      "value": 31
    },
    {
      "type": "Options",
      "name": "Type-6 Transporter",
      "value": 32
    },
    {
      "type": "Options",
      "name": "Type-7 Transporter",
      "value": 33
    },
    {
      "type": "Options",
      "name": "Type-8 Transporter",
      "value": 48
    },
    {
      "type": "Options",
      "name": "Type-9 Heavy",
      "value": 34
    },
    {
      "type": "Options",
      "name": "Type-10 Defender",
      "value": 35
    },
    {
      "type": "Options",
      "name": "Viper Mk III",
      "value": 36
    },
    {
      "type": "Options",
      "name": "Viper Mk IV",
      "value": 37
    },
    {
      "type": "Options",
      "name": "Vulture",
      "value": 38
    },
    {
      "type": "Options",
      "name": "SRV - Scarab",
      "value": 39
    },
    {
      "type": "Options",
      "name": "SRV - Scorpion",
      "value": 40
    },
    {
      "type": "Options",
      "name": "SLF - F63 Condor",
      "value": 41
    },
    {
      "type": "Options",
      "name": "SLF - Gu-97",
      "value": 42
    },
    {
      "type": "Options",
      "name": "SLF - Taipan",
      "value": 43
    },
    {
      "type": "Options",
      "name": "SLF - XG7 Trident",
      "value": 44
    },
    {
      "type": "Options",
      "name": "SLF - XG8 Javelin",
      "value": 45
    },
    {
      "type": "Options",
      "name": "SLF - XG9 Lance",
      "value": 46
    },
    {
      "type": "key_binding",
      "name": "None",
      "value": "0x8f"
    },
	  {
		"type": "key_binding",
		"name": "F1",
		"value": "no_modifiers F1"
	  },
	  {
		"type": "key_binding",
		"name": "F2",
		"value": "no_modifiers F2"
	  },
	  {
		"type": "key_binding",
		"name": "F3",
		"value": "no_modifiers F3"
	  },
	  {
		"type": "key_binding",
		"name": "F4",
		"value": "no_modifiers F4"
	  },
	  {
		"type": "key_binding",
		"name": "F5",
		"value": "no_modifiers F5"
	  },
	  {
		"type": "key_binding",
		"name": "F6",
		"value": "no_modifiers F6"
	  },
	  {
		"type": "key_binding",
		"name": "F7",
		"value": "no_modifiers F7"
	  },
	  {
		"type": "key_binding",
		"name": "F8",
		"value": "no_modifiers F8"
	  },
	  {
		"type": "key_binding",
		"name": "F9",
		"value": "no_modifiers F9"
	  },
	  {
		"type": "key_binding",
		"name": "F10",
		"value": "no_modifiers F10"
	  },
	  {
		"type": "key_binding",
		"name": "F12",
		"value": "no_modifiers F12"
	  },
	  {
		"type": "key_binding",
		"name": "CTRL + F1",
		"value": "CTRL F1"
	  },
	  {
		"type": "key_binding",
		"name": "CTRL + F2",
		"value": "CTRL F2"
	  },
	  {
		"type": "key_binding",
		"name": "CTRL + F3",
		"value": "CTRL F3"
	  },
	  {
		"type": "key_binding",
		"name": "CTRL + F4",
		"value": "CTRL F4"
	  },
	  {
		"type": "key_binding",
		"name": "CTRL + F5",
		"value": "CTRL F5"
	  },
	  {
		"type": "key_binding",
		"name": "CTRL + F6",
		"value": "CTRL F6"
	  },
	  {
		"type": "key_binding",
		"name": "CTRL + F7",
		"value": "CTRL F7"
	  },
	  {
		"type": "key_binding",
		"name": "CTRL + F8",
		"value": "CTRL F8"
	  },
	  {
		"type": "key_binding",
		"name": "CTRL + F9",
		"value": "CTRL F9"
	  },
	  {
		"type": "key_binding",
		"name": "CTRL + F10",
		"value": "CTRL F10"
	  },
	  {
		"type": "key_binding",
		"name": "CTRL + F11",
		"value": "CTRL F11"
	  },
	  {
		"type": "key_binding",
		"name": "CTRL + F12",
		"value": "CTRL F12"
	  },
	  {
		"type": "key_binding",
		"name": "ALT + F1",
		"value": "ALT F1"
	  },
	  {
		"type": "key_binding",
		"name": "ALT + F2",
		"value": "ALT F2"
	  },
	  {
		"type": "key_binding",
		"name": "ALT + F3",
		"value": "ALT F3"
	  },
	  {
		"type": "key_binding",
		"name": "ALT + F4",
		"value": "ALT F4"
	  },
	  {
		"type": "key_binding",
		"name": "ALT + F5",
		"value": "ALT F5"
	  },
	  {
		"type": "key_binding",
		"name": "ALT + F6",
		"value": "ALT F6"
	  },
	  {
		"type": "key_binding",
		"name": "ALT + F7",
		"value": "ALT F7"
	  },
	  {
		"type": "key_binding",
		"name": "ALT + F8",
		"value": "ALT F8"
	  },
	  {
		"type": "key_binding",
		"name": "ALT + F9",
		"value": "ALT F9"
	  },
	  {
		"type": "key_binding",
		"name": "ALT + F10",
		"value": "ALT F10"
	  },
	  {
		"type": "key_binding",
		"name": "ALT + F11",
		"value": "ALT F11"
	  },
	  {
		"type": "key_binding",
		"name": "ALT + F12",
		"value": "ALT F12"
	  },
	  {
		"type": "key_binding",
		"name": "1",
		"value": "no_modifiers 1"
	  },
	  {
		"type": "key_binding",
		"name": "2",
		"value": "no_modifiers 2"
	  },
	  {
		"type": "key_binding",
		"name": "3",
		"value": "no_modifiers 3"
	  },
	  {
		"type": "key_binding",
		"name": "4",
		"value": "no_modifiers 4"
	  },
	  {
		"type": "key_binding",
		"name": "5",
		"value": "no_modifiers 5"
	  },
	  {
		"type": "key_binding",
		"name": "6",
		"value": "no_modifiers 6"
	  },
	  {
		"type": "key_binding",
		"name": "7",
		"value": "no_modifiers 7"
	  },
	  {
		"type": "key_binding",
		"name": "8",
		"value": "no_modifiers 8"
	  },
	  {
		"type": "key_binding",
		"name": "9",
		"value": "no_modifiers 9"
	  },
	  {
		"type": "key_binding",
		"name": "0",
		"value": "no_modifiers 0"
	  },
	  {
		"type": "key_binding",
		"name": "CTRL + 1",
		"value": "CTRL 1"
	  },
	  {
		"type": "key_binding",
		"name": "CTRL + 2",
		"value": "CTRL 2"
	  },
	  {
		"type": "key_binding",
		"name": "CTRL + 3",
		"value": "CTRL 3"
	  },
	  {
		"type": "key_binding",
		"name": "CTRL + 4",
		"value": "CTRL 4"
	  },
	  {
		"type": "key_binding",
		"name": "CTRL + 5",
		"value": "CTRL 5"
	  },
	  {
		"type": "key_binding",
		"name": "CTRL + 6",
		"value": "CTRL 6"
	  },
	  {
		"type": "key_binding",
		"name": "CTRL + 7",
		"value": "CTRL 7"
	  },
	  {
		"type": "key_binding",
		"name": "CTRL + 8",
		"value": "CTRL 8"
	  },
	  {
		"type": "key_binding",
		"name": "CTRL + 9",
		"value": "CTRL 9"
	  },
	  {
		"type": "key_binding",
		"name": "CTRL + 0",
		"value": "CTRL 0"
	  },
	  {
		"type": "key_binding",
		"name": "NUMPAD 1",
		"value": "NUMPAD1"
	  },
	  {
		"type": "key_binding",
		"name": "NUMPAD 2",
		"value": "NUMPAD2"
	  },
	  {
		"type": "key_binding",
		"name": "NUMPAD 3",
		"value": "NUMPAD3"
	  },
	  {
		"type": "key_binding",
		"name": "NUMPAD 4",
		"value": "NUMPAD4"
	  },
	  {
		"type": "key_binding",
		"name": "NUMPAD 5",
		"value": "NUMPAD5"
	  },
	  {
		"type": "key_binding",
		"name": "NUMPAD 6",
		"value": "NUMPAD6"
	  },
	  {
		"type": "key_binding",
		"name": "NUMPAD 7",
		"value": "NUMPAD7"
	  },
	  {
		"type": "key_binding",
		"name": "NUMPAD 8",
		"value": "NUMPAD8"
	  },
	  {
		"type": "key_binding",
		"name": "NUMPAD 9",
		"value": "NUMPAD9"
	  },
	  {
		"type": "key_binding",
		"name": "NUMPAD 0",
		"value": "NUMPAD0"
	  },
	  {
		"type": "key_binding",
		"name": "MOUSE LEFT",
		"value": "LBUTTON"
	  },
	  {
		"type": "key_binding",
		"name": "MOUSE RIGHT",
		"value": "RBUTTON"
	  },
	  {
		"type": "key_binding",
		"name": "MOUSE MIDDLE",
		"value": "MBUTTON"
	  },
	  {
		"type": "key_binding",
		"name": "SHIFT + MOUSE LEFT",
		"value": "SHIFT LBUTTON"
	  },
	  {
		"type": "key_binding",
		"name": "SHIFT + MOUSE RIGHT",
		"value": "SHIFT RBUTTON"
	  },
	  {
		"type": "key_binding",
		"name": "SHIFT + MOUSE MIDDLE",
		"value": "SHIFT MBUTTON"
	  },
	  {
		"type": "key_binding",
		"name": "CTRL + MOUSE LEFT",
		"value": "CTRL LBUTTON"
	  },
	  {
		"type": "key_binding",
		"name": "CTRL + MOUSE RIGHT",
		"value": "CTRL RBUTTON"
	  },
	  {
		"type": "key_binding",
		"name": "CTRL + MOUSE MIDDLE",
		"value": "CTRL MBUTTON"
	  }
  ]
}
