{
  "mod_name": "FSS-Overlay",
  "theme_name": null,
  "author": "psychicEgg and Parduz",
  "description": "FSS Overlay v1.5",
  "file": "FSS-Overlay.ini",
  "file_full": "",
  "managed": false,
  "sections": [
    {
      "name": "OverlaySelector",
      "title": "FSS Overlay Selector",
      "ini_section": "constants",
      "keys": [
        {
          "name": "Selection",
          "type": "Selector",
          "key": "$FSSoverlayMode",
          "value": 1,
          "description": "Overlay Selector"
        },
        {
          "name": "Overlay Brightness",
          "type": "decimal",
          "key": "w6",
          "value": 1,
          "description": "Default = 10"
        }
      ]
    }
  ],
  "dependencies": [
    "ShaderFixes\\6a695310d09015e6-ps.txt",
    "ShaderFixes\\80cecb86ef0f38c2-ps.txt",
    "ShaderFixes\\447ff448db7c6b50-ps.txt",
    "ShaderFixes\\f202e69345682e2c-ps.txt"
  ],
  "types": [
    {
      "type": "text",
      "name": "Text",
      "value": ""
    },
    {
      "type": "number",
      "name": "Integer Number",
      "value": ""
    },
    {
      "type": "decimal",
      "name": "Decimal Number",
      "value": ""
    },
    {
      "type": "color",
      "name": "Color Value",
      "value": ""
    },
    {
      "type": "toggle",
      "name": "ON/OFF Switch",
      "value": ""
    }
  ],
  "custom_types": [
    {
      "type": "Selector",
      "name": "No Overlay",
      "value": 0
    },
    {
      "type": "Selector",
      "name": "Overlay 1 by CMDR Parduz",
      "value": 1
    },
    {
      "type": "Selector",
      "name": "Overlay 2 by CMDR Parduz",
      "value": 2
    },
    {
      "type": "Selector",
      "name": "Overlay 3 by CMDR Razor2",
      "value": 3
    }
  ]
}