{
   "mod_name":"ED-GT [Graphic Tweaks]",
   "author":"Blue Mystic",   
   "description":"Tweaks for the GraphicsConfigurationOverride.xml",
   "version":"1.1.0",
   "file":"%LOCALAPPDATA%\\Frontier Developments\\Elite Dangerous\\Options\\Graphics\\GraphicsConfigurationOverride.xml",
   "file_full":null,
   "managed":true,
   "mod_type":"XMLConfig",
   "read_me": "<p align=center><size=+4><b>ED-GT [Graphic Tweaks]</b></size></p><p align=center>By Blue Mystic</p><p align=left>This mod is an interface to easily and safely edit the <u>GraphicsConfigurationOverride.xml</u> file.</p><p align=left>Currently this mod allows you to:</p><p align=left><ul><li>Increase or Reduce the <b>Amount of Stars</b> shown in the Galaxy Map.</li><li>Increase or Reduce the Quality of the <b>Textures for Planets</b>.</li><li>Increase or Reduce the <b>Quality of the <b>Textures for the Galaxy Background</b>.</li><li>Ensure the Colour Matrix to be the Default one, this is required by EDHM.</p></li></ul><p><b><u>How to Apply Changes:</u></b></p><p align=left>Contrary to regular 3PMods, the XML configurations belongs to the game itself.</p><p align=left>Therefore, you need to click the <u>Apply XML Changes</u> orange button on this window.</p><p align=left>And then you need to re-start the game, so your changes can take effect.</p><image=ED-GT_StarCount.jpg;size=100%;align=top><br><a href=https://bluemystical.github.io/edhm-api/>Check Our web site</a>",
   "sections":[
      {
         "name":"StockHUD",
         "title":"Default HUD Color Matrix",
         "ini_section":"/GraphicsConfig/GUIColour/Default",
         "keys":[
            {
               "name":"Matrix Red",
               "type":"text", "visible": false,
               "key":"MatrixRed",
               "value":" 1, 0, 0 ",
               "description":"RED component for Color Matrix"
            },
            {
               "name":"Matrix Green",
               "type":"text", "visible": false,
               "key":"MatrixGreen",
               "value":" 0, 1, 0 ",
               "description":"Green component for Color Matrix"
            },
            {
               "name":"Matrix Blue",
               "type":"text", "visible": false,
               "key":"MatrixBlue",
               "value":" 0, 0, 1 ",
               "description":"Blue component for Color Matrix"
            }
         ]
      },
      {
         "name":"StarInstanceCount",
         "title":"Star Instance Count",
         "ini_section":"/GraphicsConfig/GalaxyMap",
         "keys":[
            {
               "name":"Quality Low",
               "type":"text", "visible": false,
               "key":"/Low/LocalisationName",
               "value":"$QUALITY_LOW;",
               "description":"Required."
            },
            {
               "name":"Quality Low",
               "type":"number",
               "key":"/Low/StarInstanceCount",
               "value":"40000000",
               "description":"Amount of Stars to Show in the Galaxy Map. Default 2.000"
            },
            {
               "name":"Quality Medium",
               "type":"text", "visible": false,
               "key":"/Medium/LocalisationName",
               "value":"$QUALITY_MEDIUM;",
               "description":"Amount of Stars to Show in the Galaxy."
            },
            {
               "name":"Quality Medium",
               "type":"number",
               "key":"/Medium/StarInstanceCount",
               "value":"40000000",
               "description":"Amount of Stars to Show in the Galaxy Map. Default 2.000"
            },
            {
               "name":"Quality High",
               "type":"text", "visible": false,
               "key":"/High/LocalisationName",
               "value":"$QUALITY_HIGH;",
               "description":"Amount of Stars to Show in the Galaxy."
            },
            {
               "name":"Quality High",
               "type":"number",
               "key":"/High/StarInstanceCount",
               "value":"40000000",
               "description":"Amount of Stars to Show in the Galaxy Map. Default 4.000"
            }
         ]
      },
      {
         "name":"NebulasCount",
         "title":"Nebulas Count",
         "ini_section":"/GraphicsConfig/GalaxyMap",
         "keys":[
		{
               "name":"NebulasCount - Quality Low",
               "type":"number",
               "key":"/Low/NebulasCount",
               "value":"10",
               "description":"Amount of Nebulas to Show in the Galaxy Map. Default 10"
            },
		{
               "name":"NebulasInBackgroundCount - Quality Low",
               "type":"number",
               "key":"/Low/NebulasInBackgroundCount",
               "value":"40",
               "description":"Amount of Nebulas to Show in the Galaxy Map. Default 40"
            },
		{
               "name":"LowResNebulasCount - Quality Low",
               "type":"number",
               "key":"/Low/LowResNebulasCount",
               "value":"16",
               "description":"Amount of Nebulas to Show in the Galaxy Map. Default 16"
            },
		{
               "name":"HighResNebulasCount - Quality Low",
               "type":"number",
               "key":"/Low/HighResNebulasCount",
               "value":"1",
               "description":"Amount of Nebulas to Show in the Galaxy Map. Default 1"
            },

		{
               "name":"NebulasCount - Quality Medium",
               "type":"number",
               "key":"/Medium/NebulasCount",
               "value":"10",
               "description":"Amount of Nebulas to Show in the Galaxy Map. Default 10"
            },
		{
               "name":"NebulasInBackgroundCount - Quality Medium",
               "type":"number",
               "key":"/Medium/NebulasInBackgroundCount",
               "value":"40",
               "description":"Amount of Nebulas to Show in the Galaxy Map. Default 40"
            },
		{
               "name":"LowResNebulasCount - Quality Medium",
               "type":"number",
               "key":"/Medium/LowResNebulasCount",
               "value":"16",
               "description":"Amount of Nebulas to Show in the Galaxy Map. Default 16"
            },
		{
               "name":"HighResNebulasCount - Quality Medium",
               "type":"number",
               "key":"/Medium/HighResNebulasCount",
               "value":"1",
               "description":"Amount of Nebulas to Show in the Galaxy Map. Default 1"
            },

		{
               "name":"NebulasCount - Quality High",
               "type":"number",
               "key":"/High/NebulasCount",
               "value":"10",
               "description":"Amount of Nebulas to Show in the Galaxy Map. Default 30"
            },
		{
               "name":"NebulasInBackgroundCount - Quality High",
               "type":"number",
               "key":"/High/NebulasInBackgroundCount",
               "value":"40",
               "description":"Amount of Nebulas to Show in the Galaxy Map. Default 40"
            },
		{
               "name":"LowResNebulasCount - Quality High",
               "type":"number",
               "key":"/High/LowResNebulasCount",
               "value":"16",
               "description":"Amount of Nebulas to Show in the Galaxy Map. Default 16"
            },
		{
               "name":"HighResNebulasCount - Quality High",
               "type":"number",
               "key":"/High/HighResNebulasCount",
               "value":"1",
               "description":"Amount of Nebulas to Show in the Galaxy Map. Default 1"
            }
         ]
      }
   ],
  "types": [
    {
      "type": "text",
      "name": "Text Box",
      "value": ""
    },
    {
      "type": "number",
      "name": "Integer Number (Spin Edit)",
      "value": ""
    },
    {
      "type": "number_dec",
      "name": "Decimal Number (Spin Edit)",
      "value": ""
    },
    {
      "type": "decimal",
      "name": "Decimal Number (Trackbar 0-2)",
      "value": ""
    },
    {
      "type": "decimal_1x",
      "name": "Decimal Number (Trackbar 0-1)",
      "value": ""
    },
    {
      "type": "decimal_10x",
      "name": "Decimal Number (Trackbar 0-10)",
      "value": ""
    },
    {
      "type": "color",
      "name": "Color Value (Color Dialog)",
      "value": ""
    },
    {
      "type": "toggle",
      "name": "ON/OFF Switch (Values 0,1)",
      "value": ""
    },
    {
      "type": "custom-type",
      "name": "Display a ComboBox with a preset list of items",
      "value": "just use the name on one of the custom types below."
    }
  ],
   "custom_types":[
      {
         "type":"TextureSize",
         "name":"Poor - 256",
         "value":256
      },
      {
         "type":"TextureSize",
         "name":"Low - 512",
         "value":512
      },
      {
         "type":"TextureSize",
         "name":"Medium - 1k",
         "value":1024
      },
      {
         "type":"TextureSize",
         "name":"High - 2K",
         "value":2048
      },
      {
         "type":"TextureSize",
         "name":"Ultra - 2.5k",
         "value":2560
      },
      {
         "type":"TextureSize",
         "name":"Super - 4K",
         "value":4096
      },
      {
         "type":"TextureSize",
         "name":"Elite - 8K",
         "value":8192
      }
   ]
}