{
  "mod_name": "CPM - Anaconda",
  "author": "psychicEgg - CMDR GeorjCostanza",
  "description": "CPM for Anaconda (Default Elite)",
  "theme_name": "Default Elite",
  "file": "CPM-Anaconda.ini",
  "file_full": null,
  "managed": true,
  "sections": [
    {
      "name": "SECTION-1",
      "title": "Section 1: Dashboard, Walls, Ceiling",
      "ini_section": "constants",
      "keys": [
        {
          "name": "Custom Colour",
          "type": "color",
          "key": "x7|y7|z7",
          "value": "-1",
          "description": "Custom Colour."
        },
        {
          "name": "Layer 1 Colour Mode (Main texture)",
          "type": "ColorMode",
          "key": "x20",
          "value": "0",
          "description": "Layer 1 Colour Mode (Main texture)"
        },
        {
          "name": "Layer 1 Brightness",
          "type": "decimal_10x",
          "key": "w7",
          "value": "1",
          "description": "Layer 1 Brightness"
        },
        {
          "name": "Layer 2 Colour Mode (Reflections)",
          "type": "ColorMode",
          "key": "x130",
          "value": "0",
          "description": "Layer 2 Colour Mode (Reflections)"
        },
        {
          "name": "Layer 2 Brightness",
          "type": "decimal_10x",
          "key": "x23",
          "value": "1",
          "description": "Layer 2 Brightness"
        },
        {
          "name": "Layer 3 Brightness (Shadows/Gamma)",
          "type": "decimal_10x",
          "key": "x25",
          "value": "0",
          "description": "Layer 3 Brightness (Shadows/Gamma)"
        },
        {
          "name": "Shiny Mode",
          "type": "decimal_1x",
          "key": "x168",
          "value": "0",
          "description": "To Shine or not to.. that's the dilemma"
        }
      ]
    },
    {
      "name": "SECTION-2",
      "title": "Section 2: Radar, Wires and Strut Trim",
      "ini_section": "constants",
      "keys": [
        {
          "name": "Custom Colour",
          "type": "color",
          "key": "x8|y8|z8",
          "value": "-1",
          "description": "Custom Colour."
        },
        {
          "name": "Layer 1 Colour Mode (Main texture)",
          "type": "ColorMode",
          "key": "y20",
          "value": "0",
          "description": "Layer 1 Colour Mode (Main texture)"
        },
        {
          "name": "Layer 1 Brightness",
          "type": "decimal_10x",
          "key": "w8",
          "value": "1",
          "description": "Layer 1 Brightness"
        },
        {
          "name": "Layer 2 Colour Mode (Reflections)",
          "type": "ColorMode",
          "key": "y130",
          "value": "0",
          "description": "Layer 2 Colour Mode (Reflections)"
        },
        {
          "name": "Layer 2 Brightness",
          "type": "decimal_10x",
          "key": "y23",
          "value": "1",
          "description": "Layer 2 Brightness"
        },
        {
          "name": "Layer 3 Brightness (Shadows/Gamma)",
          "type": "decimal_10x",
          "key": "y25",
          "value": "0",
          "description": "Layer 3 Brightness (Shadows/Gamma)"
        },
        {
          "name": "Shiny Mode",
          "type": "decimal_1x",
          "key": "y168",
          "value": "0",
          "description": "To Shine or not to.. that's the dilemma"
        }
      ]
    },
    {
      "name": "SECTION-3",
      "title": "Section 3: Honeycomb texture on dashboard and ceiling",
      "ini_section": "constants",
      "keys": [
        {
          "name": "Custom Colour",
          "type": "color",
          "key": "x9|y9|z9",
          "value": "-1",
          "description": "Custom Colour."
        },
        {
          "name": "Layer 1 Colour Mode (Main texture)",
          "type": "ColorMode",
          "key": "z20",
          "value": "0",
          "description": "Layer 1 Colour Mode (Main texture)"
        },
        {
          "name": "Layer 1 Brightness",
          "type": "decimal_10x",
          "key": "w9",
          "value": "1",
          "description": "Layer 1 Brightness"
        },
        {
          "name": "Layer 2 Colour Mode (Reflections)",
          "type": "ColorMode",
          "key": "z130",
          "value": "0",
          "description": "Layer 2 Colour Mode (Reflections)"
        },
        {
          "name": "Layer 2 Brightness",
          "type": "decimal_10x",
          "key": "z23",
          "value": "1",
          "description": "Layer 2 Brightness"
        },
        {
          "name": "Layer 3 Brightness (Shadows/Gamma)",
          "type": "decimal_10x",
          "key": "z25",
          "value": "0",
          "description": "Layer 3 Brightness (Shadows/Gamma)"
        },
        {
          "name": "Shiny Mode",
          "type": "decimal_1x",
          "key": "z168",
          "value": "0",
          "description": "To Shine or not to.. that's the dilemma"
        }
      ]
    },
    {
      "name": "SECTION-4",
      "title": "Section 4: Orange Trim on Floor, Walls, Ceiling",
      "ini_section": "constants",
      "keys": [
        {
          "name": "Custom Colour",
          "type": "color",
          "key": "x10|y10|z10",
          "value": "-1",
          "description": "Custom Colour."
        },
        {
          "name": "Layer 1 Colour Mode (Main texture)",
          "type": "ColorMode",
          "key": "w20",
          "value": "0",
          "description": "Layer 1 Colour Mode (Main texture)"
        },
        {
          "name": "Layer 1 Brightness",
          "type": "decimal_10x",
          "key": "w10",
          "value": "1",
          "description": "Layer 1 Brightness"
        },
        {
          "name": "Layer 2 Colour Mode (Reflections)",
          "type": "ColorMode",
          "key": "w130",
          "value": "0",
          "description": "Layer 2 Colour Mode (Reflections)"
        },
        {
          "name": "Layer 2 Brightness",
          "type": "decimal_10x",
          "key": "w23",
          "value": "1",
          "description": "Layer 2 Brightness"
        },
        {
          "name": "Layer 3 Brightness (Shadows/Gamma)",
          "type": "decimal_10x",
          "key": "w25",
          "value": "0",
          "description": "Layer 3 Brightness (Shadows/Gamma)"
        },
        {
          "name": "Shiny Mode",
          "type": "decimal_1x",
          "key": "w168",
          "value": "0",
          "description": "To Shine or not to.. that's the dilemma"
        }
      ]
    },
    {
      "name": "SECTION-5",
      "title": "Section 5: Dashboard Trim 1",
      "ini_section": "constants",
      "keys": [
        {
          "name": "Custom Colour",
          "type": "color",
          "key": "x11|y11|z11",
          "value": "-1",
          "description": "Custom Colour."
        },
        {
          "name": "Layer 1 Colour Mode (Main texture)",
          "type": "ColorMode",
          "key": "x21",
          "value": "0",
          "description": "Layer 1 Colour Mode (Main texture)"
        },
        {
          "name": "Layer 1 Brightness",
          "type": "decimal_10x",
          "key": "w11",
          "value": "1",
          "description": "Layer 1 Brightness"
        },
        {
          "name": "Layer 2 Colour Mode (Reflections)",
          "type": "ColorMode",
          "key": "x131",
          "value": "0",
          "description": "Layer 2 Colour Mode (Reflections)"
        },
        {
          "name": "Layer 2 Brightness",
          "type": "decimal_10x",
          "key": "x24",
          "value": "1",
          "description": "Layer 2 Brightness"
        },
        {
          "name": "Layer 3 Brightness (Shadows/Gamma)",
          "type": "decimal_10x",
          "key": "x26",
          "value": "0",
          "description": "Layer 3 Brightness (Shadows/Gamma)"
        },
        {
          "name": "Shiny Mode",
          "type": "decimal_1x",
          "key": "x169",
          "value": "0",
          "description": "To Shine or not to.. that's the dilemma"
        }
      ]
    },
    {
      "name": "SECTION-6",
      "title": "Section 6: Dashboard Trim 2",
      "ini_section": "constants",
      "keys": [
        {
          "name": "Custom Colour",
          "type": "color",
          "key": "x12|y12|z12",
          "value": "-1",
          "description": "Custom Colour."
        },
        {
          "name": "Layer 1 Colour Mode (Main texture)",
          "type": "ColorMode",
          "key": "y21",
          "value": "0",
          "description": "Layer 1 Colour Mode (Main texture)"
        },
        {
          "name": "Layer 1 Brightness",
          "type": "decimal_10x",
          "key": "w12",
          "value": "1",
          "description": "Layer 1 Brightness"
        },
        {
          "name": "Layer 2 Colour Mode (Reflections)",
          "type": "ColorMode",
          "key": "y131",
          "value": "0",
          "description": "Layer 2 Colour Mode (Reflections)"
        },
        {
          "name": "Layer 2 Brightness",
          "type": "decimal_10x",
          "key": "y24",
          "value": "1",
          "description": "Layer 2 Brightness"
        },
        {
          "name": "Layer 3 Brightness (Shadows/Gamma)",
          "type": "decimal_10x",
          "key": "y26",
          "value": "0",
          "description": "Layer 3 Brightness (Shadows/Gamma)"
        },
        {
          "name": "Shiny Mode",
          "type": "decimal_10x",
          "key": "y169",
          "value": "0",
          "description": "To Shine or not to.. that's the dilemma"
        }
      ]
    },
    {
      "name": "SECTION-7",
      "title": "Section 7: Outer Radar & Dashboard Trim ",
      "ini_section": "constants",
      "keys": [
        {
          "name": "Custom Colour",
          "type": "color",
          "key": "x13|y13|z13",
          "value": "-1",
          "description": "Custom Colour."
        },
        {
          "name": "Layer 1 Colour Mode (Main texture)",
          "type": "ColorMode",
          "key": "z21",
          "value": "0",
          "description": "Layer 1 Colour Mode (Main texture)"
        },
        {
          "name": "Layer 1 Brightness",
          "type": "decimal_10x",
          "key": "w13",
          "value": "1",
          "description": "Layer 1 Brightness"
        },
        {
          "name": "Layer 2 Colour Mode (Reflections)",
          "type": "ColorMode",
          "key": "z131",
          "value": "0",
          "description": "Layer 2 Colour Mode (Reflections)"
        },
        {
          "name": "Layer 2 Brightness",
          "type": "decimal_10x",
          "key": "z24",
          "value": "1",
          "description": "Layer 2 Brightness"
        },
        {
          "name": "Layer 3 Brightness (Shadows/Gamma)",
          "type": "decimal_10x",
          "key": "z26",
          "value": "0",
          "description": "Layer 3 Brightness (Shadows/Gamma)"
        },
        {
          "name": "Shiny Mode",
          "type": "decimal_1x",
          "key": "z169",
          "value": "0",
          "description": "To Shine or not to.. that's the dilemma"
        }
      ]
    },
    {
      "name": "SECTION-8",
      "title": "Section 8: Grating on Floor & Ceiling Trim",
      "ini_section": "constants",
      "keys": [
        {
          "name": "Custom Colour",
          "type": "color",
          "key": "x14|y14|z14",
          "value": "-1",
          "description": "Custom Colour."
        },
        {
          "name": "Layer 1 Colour Mode (Main texture)",
          "type": "ColorMode",
          "key": "w21",
          "value": "0",
          "description": "Layer 1 Colour Mode (Main texture)"
        },
        {
          "name": "Layer 1 Brightness",
          "type": "decimal_10x",
          "key": "w14",
          "value": "1",
          "description": "Layer 1 Brightness"
        },
        {
          "name": "Layer 2 Colour Mode (Reflections)",
          "type": "ColorMode",
          "key": "w131",
          "value": "0",
          "description": "Layer 2 Colour Mode (Reflections)"
        },
        {
          "name": "Layer 2 Brightness",
          "type": "decimal_10x",
          "key": "w24",
          "value": "1",
          "description": "Layer 2 Brightness"
        },
        {
          "name": "Layer 3 Brightness (Shadows/Gamma)",
          "type": "decimal_10x",
          "key": "w26",
          "value": "0",
          "description": "Layer 3 Brightness (Shadows/Gamma)"
        },
        {
          "name": "Shiny Mode",
          "type": "decimal_1x",
          "key": "w169",
          "value": "0",
          "description": "To Shine or not to.. that's the dilemma"
        }
      ]
    },
    {
      "name": "SECTION-FLOOR",
      "title": "Floor",
      "ini_section": "constants",
      "keys": [
        {
          "name": "Colour Mode",
          "type": "FloorColorMode",
          "key": "x22",
          "value": "0",
          "description": ""
        },
        {
          "name": "Custom Colour",
          "type": "color",
          "key": "x15|y15|z15",
          "value": "-1",
          "description": "Custom Colour."
        },
        {
          "name": "Brightness",
          "type": "decimal_10x",
          "key": "w15",
          "value": "1",
          "description": "Brightness (multiplier)"
        }
      ]
    },
    {
      "name": "SECTION-CHAIRS",
      "title": "Chairs",
      "ini_section": "constants",
      "keys": [
        {
          "name": "Colour Mode",
          "type": "ChairColorMode",
          "key": "y22",
          "value": "0",
          "description": ""
        },
        {
          "name": "Custom Colour",
          "type": "color",
          "key": "x16|y16|z16",
          "value": "-1",
          "description": "Custom Colour."
        },
        {
          "name": "Brightness",
          "type": "decimal_10x",
          "key": "w16",
          "value": "1",
          "description": "Brightness (multiplier)"
        }
      ]
    },
    {
      "name": "SECTION-CHAIRS-2",
      "title": "Chair Trim",
      "ini_section": "constants",
      "keys": [
        {
          "name": "Colour Mode",
          "type": "ChairTrimMode",
          "key": "z22",
          "value": "0",
          "description": ""
        },
        {
          "name": "Custom Colour",
          "type": "color",
          "key": "x17|y17|z17",
          "value": "-1",
          "description": "Custom Colour."
        },
        {
          "name": "Brightness",
          "type": "decimal_10x",
          "key": "w17",
          "value": "1",
          "description": "Brightness (multiplier)"
        }
      ]
    },
    {
      "name": "SIGNAGE",
      "title": "Signs & Symbols",
      "ini_section": "constants",
      "keys": [
        {
          "name": "Colour Mode",
          "type": "ChairTrimMode",
          "key": "w22",
          "value": "0",
          "description": ""
        },
        {
          "name": "Custom Colour",
          "type": "color",
          "key": "x18|y18|z18",
          "value": "-1",
          "description": "Custom Colour."
        },
        {
          "name": "Brightness",
          "type": "decimal_10x",
          "key": "w18",
          "value": "1",
          "description": "Brightness (multiplier)"
        }
      ]
    },
    {
      "name": "SHADOWS",
      "title": "Panel Shadows",
      "ini_section": "constants",
      "keys": [
        {
          "name": "Opacity of Shadows",
          "type": "decimal",
          "key": "x234",
          "value": "0.9",
          "description": "Ship Panel Background Shadows under Holograms and Radar"
        }
      ]
    },
    {
      "name": "CPL",
      "title": "Cockpit Accessory Lights",
      "ini_section": "constants",
      "keys": [
        {
          "name": "Colour Mode",
          "type": "CPLMode",
          "key": "x167",
          "value": "0",
          "description": ""
        },
        {
          "name": "Custom Colour",
          "type": "color",
          "key": "x161|y161|z161",
          "value": "-1",
          "description": "Anaconda Lights Custom Colour."
        },
        {
          "name": "Brightness",
          "type": "decimal",
          "key": "w161",
          "value": "1",
          "description": "Brightness (for Custom & XML modes)"
        }
      ]
    }
  ],
  "types": [
    {
      "type": "text",
      "name": "Text Box",
      "value": ""
    },
    {
      "type": "number",
      "name": "Integer Number (Spin Edit)",
      "value": ""
    },
    {
      "type": "number_dec",
      "name": "Decimal Number (Spin Edit)",
      "value": ""
    },
    {
      "type": "decimal",
      "name": "Decimal Number (Trackbar 0-2)",
      "value": ""
    },
    {
      "type": "decimal_1x",
      "name": "Decimal Number (Trackbar 0-1)",
      "value": ""
    },
    {
      "type": "decimal_10x",
      "name": "Decimal Number (Trackbar 0-10)",
      "value": ""
    },
    {
      "type": "color",
      "name": "Color Value (Color Dialog)",
      "value": ""
    },
    {
      "type": "toggle",
      "name": "ON/OFF Switch (Values 0,1)",
      "value": ""
    },
    {
      "type": "custom-type",
      "name": "Display a ComboBox with a preset list of items",
      "value": "just use the name on one of the custom types below."
    }
  ],
  "custom_types": [
    {
      "type": "ColorMode",
      "name": "[0]: Default Elite",
      "value": "0"
    },
	{
	  "type":"ColorMode",
	  "name":"[Test]: Green Test Colour",
	  "value": "30"
	},
	{
      "type": "ColorMode",
      "name": "[1]: Direct application of RGB colours without modification",
      "value": "1"
    },
    {
      "type": "ColorMode",
      "name": "[2]: The base texture is converted to greyscale, then colour applied",
      "value": "2"
    },
    {
      "type": "ColorMode",
      "name": "[3]: The reflections layer is converted to greyscale, then colour applied",
      "value": "3"
    },
    {
      "type": "ColorMode",
      "name": "[4]: Layer 1 is copied, then direct colour is applied",
      "value": "4"
    },
    {
      "type": "ColorMode",
      "name": "[5]: Layer 1 is copied, then the base texture is converted to greyscale, then colour applied",
      "value": "5"
    },
    {
      "type": "ColorMode",
      "name": "[6]: Layer 1 is copied, then the reflections layer is converted to greyscale, then colour applied",
      "value": "6"
    },
    {
      "type": "ColorMode",
      "name": "[7]: Layer 2 is copied, then direct colour is applied",
      "value": "7"
    },
    {
      "type": "ColorMode",
      "name": "[8]: Layer 2 is copied, then the base texture is converted to greyscale, then colour applied",
      "value": "8"
    },
    {
      "type": "ColorMode",
      "name": "[9]: Layer 2 is copied, then the reflections layer is converted to greyscale, then colour applied",
      "value": "9"
    },
    {
      "type": "FloorColorMode",
      "name": "Default Elite",
      "value": "0"
    },
    {
      "type": "FloorColorMode",
      "name": "Method 1 ",
      "value": "1"
    },
    {
      "type": "FloorColorMode",
      "name": "Method 2",
      "value": "2"
    },
    {
      "type": "ChairColorMode",
      "name": "Default Elite",
      "value": "0"
    },
    {
      "type": "ChairColorMode",
      "name": "Method 1 (more matte)",
      "value": "1"
    },
    {
      "type": "ChairColorMode",
      "name": "Method 2 (more metallic)",
      "value": "2"
    },
    {
      "type": "ChairTrimMode",
      "name": "Default Elite",
      "value": "0"
    },
    {
      "type": "ChairTrimMode",
      "name": "Method 1",
      "value": "1"
    },
    {
      "type": "ChairTrimMode",
      "name": "Method 2",
      "value": "2"
    },
    {
      "type": "ChairTrimMode",
      "name": "Method 3 (strongest)",
      "value": "3"
    },
    {
      "type": "CPLMode",
      "name": "Default Elite",
      "value": "0"
    },
    {
      "type": "CPLMode",
      "name": "Custom Colour",
      "value": "1"
    },
    {
      "type": "CPLMode",
      "name": "XML",
      "value": "2"
    },
    {
      "type": "CPLMode",
      "name": "Custom Colour + Turn down bright lights on dashboard",
      "value": "3"
    },
    {
      "type": "CPLMode",
      "name": "XML + Turn down bright lights on dashboard",
      "value": "4"
    }
  ]
}