{
  "mod_name": "CPM [Cockpit-Paint-Mod]",
  "author": "psychicEgg - CMDR GeorjCostanza",
  "description": "Cockpit Paint Mod v1.0 Prototype",
  "file": "CPM-@Cockpit-Paint-Mod.ini",
  "file_full": null,
  "managed": true,
  "sections": [
    {
      "name": "ShipSelection",
      "title": "Ship Selection",
      "ini_section": "constants",
      "keys": [
        {
          "name": "Current Ship",
          "type": "Options",
          "key": "w158",
          "value": 11,
          "description": " SHIP SELECTION (ID)"
        }
      ]
    }
  ],
  "dependencies": [
	"ShaderFixes\\c13e88942670f874-ps.txt",
	"ShaderFixes\\929541ddb9982074-ps.txt",
	"ShaderFixes\\9902b4592418cdcd-ps.txt",
	"ShaderFixes\\917f07c7e9221d5c-ps.txt",
	"ShaderFixes\\52e173bac7eaf50c-ps.txt"
  ],
  "types": [
    {
      "type": "text",
      "name": "Text",
      "value": ""
    },
    {
      "type": "number",
      "name": "Integer Number",
      "value": ""
    },
    {
      "type": "decimal",
      "name": "Decimal Number",
      "value": ""
    },
    {
      "type": "color",
      "name": "Color Value",
      "value": ""
    },
    {
      "type": "toggle",
      "name": "ON/OFF Switch",
      "value": ""
    }
  ],
  "custom_types": [
    {
      "type": "Options",
      "name": "Anaconda",
      "value": 11
    },
    {
      "type": "Options",
      "name": "Asp Explorer",
      "value": 17
    },
    {
      "type": "Options",
      "name": "Asp Scout",
      "value": 18
    },
    {
      "type": "Options",
      "name": "Cobra Mk III",
      "value": 5
    },
    {
      "type": "Options",
      "name": "Diamondback Scout",
      "value": 19
    },
    {
      "type": "Options",
      "name": "Diamondback Explorer",
      "value": 20
    },
    {
      "type": "Options",
      "name": "Federal Corvette",
      "value": 26
    },
    {
      "type": "Options",
      "name": "Fer-de-Lance",
      "value": 33
    },
    {
      "type": "Options",
      "name": "Imperial Courrier",
      "value": 2
    },
    {
      "type": "Options",
      "name": "Imperial Cutter",
      "value": 4
    },
    {
      "type": "Options",
      "name": "Krait MkII",
      "value": 9
    },
    {
      "type": "Options",
      "name": "Krait Phantom",
      "value": 10
    },
    {
      "type": "Options",
      "name": "Mamba",
      "value": 32
    },
    {
      "type": "Options",
      "name": "Python",
      "value": 13
    }
  ]
}