{
    "mod_name": "Fuel Scooping Stars Mod",
    "author": "Fred89210",
    "description": "This Mod allows to display the Scoopable Stars of a Single Color in order to recognize it easily.<br>For Elite Dangerous 4.2.0.2. v1.102.0",
    "version": "1.102.0",
    "file": "FSStarsMod.ini",
    "file_full": null,
    "managed": true,
    "mod_type": "INIConfig",
    "read_me": "<h4 align='center'><a href='https://github.com/psychicEgg/EDHM/tree/main/Odyssey/3rdPartyMods/Fuel-Scooping-Stars' target='_blank'><b>Fuel Scooping Stars Mod</b></a></h4><p align='center'>By <a href='https://inara.cz/elite/cmdr/313317/' target='_blank'>Fred89210</a></p><br><p align='left'>This Mod allows to display the Scoopable Stars in a Single Color in order to recognize it easily.</p><p align='left'>You can also change the color of Non Sequence Stars (Black Holes and Neutron Stars) in filter view.</p><br><p align='center'><b>IMPORTANT INFORMATION:</b></p><p align='left'>In filter view Class-G Stars cannot be separated from Class-C Stars so Class-C Stars appear in the same color as Fuel Scooping Stars.</p><p align='left'>Class-C Stars are rare, it may be useful to disable them from the galaxy map filter.</p><p align='left'>Fly Safe. o7</p><p align='center'><a href='https://raw.githubusercontent.com/psychicEgg/EDHM/refs/heads/main/Odyssey/3rdPartyMods/Fuel-Scooping-Stars/Resources/Scoop-Stars-Mod-1.jpg' target='_blank'>Preview</a></p><p align='center'><image=FSStarsModDemo.jpg;size=100%;align=top></p>",
    "sections": [
        {
            "name": "InFilterMode",
            "title": "In Spectral Class Filter View",
            "ini_section": "Constants",
            "visible": true,
            "keys": [
                {
                    "name": "Fuel Scooping Stars Mode in Spectral Class Filter",
                    "type": "FilterModeOptions",
                    "key": "z311",
                    "value": "200",
                    "visible": true,
                    "description": "Fuel Scooping Stars Mode in Spectral Class Filter View"
                },
                {
                    "name": "Fuel Scooping Stars Custom Colour",
                    "type": "color",
                    "key": "x313|y313|z313",
                    "value": -30464,
                    "visible": true,
                    "description": "Custom Color for Fuel Scooping Stars in Spectral Class Filter View"
                },
                {
                    "name": "Non Sequence Stars Mode in Spectral Class Filter",
                    "type": "FilterModeOptions",
                    "key": "w312",
                    "value": "200",
                    "visible": true,
                    "description": "Non Sequence Stars (Black Holes and Neutron Stars) Mode in Spectral Class Filter View"
                },
                {
                    "name": "Non Sequence Stars Custom Colour",
                    "type": "color",
                    "key": "x312|y312|z312",
                    "value": -65281,
                    "visible": true,
                    "description": "Custom Color for Non Sequence Stars (Black Holes and Neutron Stars) in Spectral Class Filter View"
                },
                {
                    "name": "Brightness (Default=1, Flash=20)",
                    "type": "number",
                    "key": "w313",
                    "value": "20",
                    "visible": true,
                    "description": "Brightness adjustment for Non Sequence Stars and Fuel Scooping Stars in Spectral Class Filter View"
                }
            ]
        },
        {
            "name": "InRealisticMode",
            "title": "In Realistic Stars View",
            "ini_section": "Constants",
            "visible": true,
            "keys": [
                {
                    "name": "Fuel Scooping Stars Mode in Realistic Stars View",
                    "type": "RealisticModeOptions",
                    "key": "y311",
                    "value": "200",
                    "visible": true,
                    "description": "Fuel Scooping Stars Mode in Realistic Stars View"
                },
                {
                    "name": "Fuel Scooping Stars Custom Colour",
                    "type": "color",
                    "key": "x314|y314|z314",
                    "value": -16711936,
                    "visible": true,
                    "description": "Custom Color for Fuel Scooping Stars in Realistic Stars View"
                },
                {
                    "name": "Brightness (Default=1, Flash=10)",
                    "type": "number",
                    "key": "w314",
                    "value": "10",
                    "visible": true,
                    "description": "Brightness adjustment for Fuel Scooping Stars in Realistic Stars View"
                }
            ]
        },
        {
            "name": "KeyToogle-Filter-Mode",
            "title": "Toogle Fuel Scooping Stars in Spectral ClassFilter View",
            "ini_section": "KeyToogle-Filter-Mode",
            "visible": true,
            "keys": [
                {
                    "name": "Spectral Class Filter View Keybind",
                    "type": "key_binding",
                    "key": "Key",
                    "value": "0x8f",
                    "visible": true,
                    "description": "Choose a Key to Bind"
                }
            ]
        },
        {
            "name": "KeyToogle-Realistic-Mode",
            "title": "Toogle Fuel Scooping Stars in Realistic Stars View",
            "ini_section": "KeyToogle-Realistic-Mode",
            "visible": true,
            "keys": [
                {
                    "name": "Realistic Stars View Keybind",
                    "type": "key_binding",
                    "key": "Key",
                    "value": "0x8f",
                    "visible": true,
                    "description": "Choose a Key to Bind"
                }
            ]
        }
    ],
    "dependencies": [
        "ShaderFixes\\fe979233d5f7eb5d-ps.txt"
    ],
    "types": [
        {
            "type": "text",
            "name": "Text Value",
            "value": "This will show a Text Box"
        },
        {
            "type": "number",
            "name": "Integer Number",
            "value": "This will show a Numeric Text Box"
        },
        {
            "type": "decimal",
            "name": "Decimal Number",
            "value": "This will show an Slider"
        },
        {
            "type": "color",
            "name": "Color Value",
            "value": "This will Show a Color Picker, place the Color keys in the 'key' like this: 'x64|y64|z64|w64' <- RGBA, and the 'value' will be an Integer: '-12490271'"
        },
        {
            "type": "toggle",
            "name": "ON/OFF Switch",
            "value": "This will show a Toggle Switch"
        }
    ],
    "custom_types": [
        {
            "type": "FilterModeOptions",
            "name": "Elite Default",
            "value": 200
        },
        {
            "type": "FilterModeOptions",
            "name": "Custom Color in Filter Mode",
            "value": 100
        },
        {
            "type": "RealisticModeOptions",
            "name": "Elite Default",
            "value": 200
        },
        {
            "type": "RealisticModeOptions",
            "name": "Custom Color in Realistic Mode",
            "value": 100
        },
        {
            "type": "key_binding",
            "name": "None",
            "value": "0x8f"
        },
        {
            "type": "key_binding",
            "name": "F1",
            "value": "no_modifiers F1"
        },
        {
            "type": "key_binding",
            "name": "F2",
            "value": "no_modifiers F2"
        },
        {
            "type": "key_binding",
            "name": "F3",
            "value": "no_modifiers F3"
        },
        {
            "type": "key_binding",
            "name": "F4",
            "value": "no_modifiers F4"
        },
        {
            "type": "key_binding",
            "name": "F5",
            "value": "no_modifiers F5"
        },
        {
            "type": "key_binding",
            "name": "F6",
            "value": "no_modifiers F6"
        },
        {
            "type": "key_binding",
            "name": "F7",
            "value": "no_modifiers F7"
        },
        {
            "type": "key_binding",
            "name": "F8",
            "value": "no_modifiers F8"
        },
        {
            "type": "key_binding",
            "name": "F9",
            "value": "no_modifiers F9"
        },
        {
            "type": "key_binding",
            "name": "F10",
            "value": "no_modifiers F10"
        },
        {
            "type": "key_binding",
            "name": "F12",
            "value": "no_modifiers F12"
        },
        {
            "type": "key_binding",
            "name": "CTRL + F1",
            "value": "CTRL F1"
        },
        {
            "type": "key_binding",
            "name": "CTRL + F2",
            "value": "CTRL F2"
        },
        {
            "type": "key_binding",
            "name": "CTRL + F3",
            "value": "CTRL F3"
        },
        {
            "type": "key_binding",
            "name": "CTRL + F4",
            "value": "CTRL F4"
        },
        {
            "type": "key_binding",
            "name": "CTRL + F5",
            "value": "CTRL F5"
        },
        {
            "type": "key_binding",
            "name": "CTRL + F6",
            "value": "CTRL F6"
        },
        {
            "type": "key_binding",
            "name": "CTRL + F7",
            "value": "CTRL F7"
        },
        {
            "type": "key_binding",
            "name": "CTRL + F8",
            "value": "CTRL F8"
        },
        {
            "type": "key_binding",
            "name": "CTRL + F9",
            "value": "CTRL F9"
        },
        {
            "type": "key_binding",
            "name": "CTRL + F10",
            "value": "CTRL F10"
        },
        {
            "type": "key_binding",
            "name": "CTRL + F11",
            "value": "CTRL F11"
        },
        {
            "type": "key_binding",
            "name": "CTRL + F12",
            "value": "CTRL F12"
        },
        {
            "type": "key_binding",
            "name": "ALT + F1",
            "value": "ALT F1"
        },
        {
            "type": "key_binding",
            "name": "ALT + F2",
            "value": "ALT F2"
        },
        {
            "type": "key_binding",
            "name": "ALT + F3",
            "value": "ALT F3"
        },
        {
            "type": "key_binding",
            "name": "ALT + F4",
            "value": "ALT F4"
        },
        {
            "type": "key_binding",
            "name": "ALT + F5",
            "value": "ALT F5"
        },
        {
            "type": "key_binding",
            "name": "ALT + F6",
            "value": "ALT F6"
        },
        {
            "type": "key_binding",
            "name": "ALT + F7",
            "value": "ALT F7"
        },
        {
            "type": "key_binding",
            "name": "ALT + F8",
            "value": "ALT F8"
        },
        {
            "type": "key_binding",
            "name": "ALT + F9",
            "value": "ALT F9"
        },
        {
            "type": "key_binding",
            "name": "ALT + F10",
            "value": "ALT F10"
        },
        {
            "type": "key_binding",
            "name": "ALT + F11",
            "value": "ALT F11"
        },
        {
            "type": "key_binding",
            "name": "ALT + F12",
            "value": "ALT F12"
        },
        {
            "type": "key_binding",
            "name": "SHIFT + F1",
            "value": "SHIFT F1"
        },
        {
            "type": "key_binding",
            "name": "SHIFT + F2",
            "value": "SHIFT F2"
        },
        {
            "type": "key_binding",
            "name": "SHIFT + F3",
            "value": "SHIFT F3"
        },
        {
            "type": "key_binding",
            "name": "SHIFT + F4",
            "value": "SHIFT F4"
        },
        {
            "type": "key_binding",
            "name": "SHIFT + F5",
            "value": "SHIFT F5"
        },
        {
            "type": "key_binding",
            "name": "SHIFT + F6",
            "value": "SHIFT F6"
        },
        {
            "type": "key_binding",
            "name": "SHIFT + F7",
            "value": "SHIFT F7"
        },
        {
            "type": "key_binding",
            "name": "SHIFT + F8",
            "value": "SHIFT F8"
        },
        {
            "type": "key_binding",
            "name": "SHIFT + F9",
            "value": "SHIFT F9"
        },
        {
            "type": "key_binding",
            "name": "SHIFT + F10",
            "value": "SHIFT F10"
        },
        {
            "type": "key_binding",
            "name": "SHIFT + F11",
            "value": "SHIFT F11"
        },
        {
            "type": "key_binding",
            "name": "SHIFT + F12",
            "value": "SHIFT F12"
        },
        {
            "type": "key_binding",
            "name": "RCTRL + F1",
            "value": "RCTRL F1"
        },
        {
            "type": "key_binding",
            "name": "RCTRL + F2",
            "value": "RCTRL F2"
        },
        {
            "type": "key_binding",
            "name": "RCTRL + F3",
            "value": "RCTRL F3"
        },
        {
            "type": "key_binding",
            "name": "RCTRL + F4",
            "value": "RCTRL F4"
        },
        {
            "type": "key_binding",
            "name": "RCTRL + F5",
            "value": "RCTRL F5"
        },
        {
            "type": "key_binding",
            "name": "RCTRL + F6",
            "value": "RCTRL F6"
        },
        {
            "type": "key_binding",
            "name": "RCTRL + F7",
            "value": "RCTRL F7"
        },
        {
            "type": "key_binding",
            "name": "RCTRL + F8",
            "value": "RCTRL F8"
        },
        {
            "type": "key_binding",
            "name": "RCTRL + F9",
            "value": "RCTRL F9"
        },
        {
            "type": "key_binding",
            "name": "RCTRL + F10",
            "value": "RCTRL F10"
        },
        {
            "type": "key_binding",
            "name": "RCTRL + F11",
            "value": "RCTRL F11"
        },
        {
            "type": "key_binding",
            "name": "RCTRL + F12",
            "value": "RCTRL F12"
        },
        {
            "type": "key_binding",
            "name": "RCTRL + RALT + F1",
            "value": "RCTRL RALT F1"
        },
        {
            "type": "key_binding",
            "name": "RCTRL + RALT + F2",
            "value": "RCTRL RALT F2"
        },
        {
            "type": "key_binding",
            "name": "RCTRL + RALT + F3",
            "value": "RCTRL RALT F3"
        },
        {
            "type": "key_binding",
            "name": "RCTRL + RALT + F4",
            "value": "RCTRL RALT F4"
        },
        {
            "type": "key_binding",
            "name": "RCTRL + RALT + F5",
            "value": "RCTRL RALT F5"
        },
        {
            "type": "key_binding",
            "name": "RCTRL + RALT + F6",
            "value": "RCTRL RALT F6"
        },
        {
            "type": "key_binding",
            "name": "RCTRL + RALT + F7",
            "value": "RCTRL RALT F7"
        },
        {
            "type": "key_binding",
            "name": "RCTRL + RALT + F8",
            "value": "RCTRL RALT F8"
        },
        {
            "type": "key_binding",
            "name": "RCTRL + RALT + F9",
            "value": "RCTRL RALT F9"
        },
        {
            "type": "key_binding",
            "name": "RCTRL + RALT + F10",
            "value": "RCTRL RALT F10"
        },
        {
            "type": "key_binding",
            "name": "RCTRL + RALT + F11",
            "value": "RCTRL RALT F11"
        },
        {
            "type": "key_binding",
            "name": "RCTRL + RALT + F12",
            "value": "RCTRL RALT F12"
        },
        {
            "type": "key_binding",
            "name": "RALT + F1",
            "value": "RALT F1"
        },
        {
            "type": "key_binding",
            "name": "RALT + F2",
            "value": "RALT F2"
        },
        {
            "type": "key_binding",
            "name": "RALT + F3",
            "value": "RALT F3"
        },
        {
            "type": "key_binding",
            "name": "RALT + F4",
            "value": "RALT F4"
        },
        {
            "type": "key_binding",
            "name": "RALT + F5",
            "value": "RALT F5"
        },
        {
            "type": "key_binding",
            "name": "RALT + F6",
            "value": "RALT F6"
        },
        {
            "type": "key_binding",
            "name": "RALT + F7",
            "value": "RALT F7"
        },
        {
            "type": "key_binding",
            "name": "RALT + F8",
            "value": "RALT F8"
        },
        {
            "type": "key_binding",
            "name": "RALT + F9",
            "value": "RALT F9"
        },
        {
            "type": "key_binding",
            "name": "RALT + F10",
            "value": "RALT F10"
        },
        {
            "type": "key_binding",
            "name": "RALT + F11",
            "value": "RALT F11"
        },
        {
            "type": "key_binding",
            "name": "RALT + F12",
            "value": "RALT F12"
        },
        {
            "type": "key_binding",
            "name": "RSHIFT + F1",
            "value": "RSHIFT F1"
        },
        {
            "type": "key_binding",
            "name": "RSHIFT + F2",
            "value": "RSHIFT F2"
        },
        {
            "type": "key_binding",
            "name": "RSHIFT + F3",
            "value": "RSHIFT F3"
        },
        {
            "type": "key_binding",
            "name": "RSHIFT + F4",
            "value": "RSHIFT F4"
        },
        {
            "type": "key_binding",
            "name": "RSHIFT + F5",
            "value": "RSHIFT F5"
        },
        {
            "type": "key_binding",
            "name": "RSHIFT + F6",
            "value": "RSHIFT F6"
        },
        {
            "type": "key_binding",
            "name": "RSHIFT + F7",
            "value": "RSHIFT F7"
        },
        {
            "type": "key_binding",
            "name": "RSHIFT + F8",
            "value": "RSHIFT F8"
        },
        {
            "type": "key_binding",
            "name": "RSHIFT + F9",
            "value": "RSHIFT F9"
        },
        {
            "type": "key_binding",
            "name": "RSHIFT + F10",
            "value": "RSHIFT F10"
        },
        {
            "type": "key_binding",
            "name": "RSHIFT + F11",
            "value": "RSHIFT F11"
        },
        {
            "type": "key_binding",
            "name": "RSHIFT + F12",
            "value": "RSHIFT F12"
        },
        {
            "type": "key_binding",
            "name": "1",
            "value": "no_modifiers 1"
        },
        {
            "type": "key_binding",
            "name": "2",
            "value": "no_modifiers 2"
        },
        {
            "type": "key_binding",
            "name": "3",
            "value": "no_modifiers 3"
        },
        {
            "type": "key_binding",
            "name": "4",
            "value": "no_modifiers 4"
        },
        {
            "type": "key_binding",
            "name": "5",
            "value": "no_modifiers 5"
        },
        {
            "type": "key_binding",
            "name": "6",
            "value": "no_modifiers 6"
        },
        {
            "type": "key_binding",
            "name": "7",
            "value": "no_modifiers 7"
        },
        {
            "type": "key_binding",
            "name": "8",
            "value": "no_modifiers 8"
        },
        {
            "type": "key_binding",
            "name": "9",
            "value": "no_modifiers 9"
        },
        {
            "type": "key_binding",
            "name": "0",
            "value": "no_modifiers 0"
        },
        {
            "type": "key_binding",
            "name": "CTRL + 1",
            "value": "CTRL 1"
        },
        {
            "type": "key_binding",
            "name": "CTRL + 2",
            "value": "CTRL 2"
        },
        {
            "type": "key_binding",
            "name": "CTRL + 3",
            "value": "CTRL 3"
        },
        {
            "type": "key_binding",
            "name": "CTRL + 4",
            "value": "CTRL 4"
        },
        {
            "type": "key_binding",
            "name": "CTRL + 5",
            "value": "CTRL 5"
        },
        {
            "type": "key_binding",
            "name": "CTRL + 6",
            "value": "CTRL 6"
        },
        {
            "type": "key_binding",
            "name": "CTRL + 7",
            "value": "CTRL 7"
        },
        {
            "type": "key_binding",
            "name": "CTRL + 8",
            "value": "CTRL 8"
        },
        {
            "type": "key_binding",
            "name": "CTRL + 9",
            "value": "CTRL 9"
        },
        {
            "type": "key_binding",
            "name": "CTRL + 0",
            "value": "CTRL 0"
        },
        {
            "type": "key_binding",
            "name": "NUMPAD 1",
            "value": "NUMPAD1"
        },
        {
            "type": "key_binding",
            "name": "NUMPAD 2",
            "value": "NUMPAD2"
        },
        {
            "type": "key_binding",
            "name": "NUMPAD 3",
            "value": "NUMPAD3"
        },
        {
            "type": "key_binding",
            "name": "NUMPAD 4",
            "value": "NUMPAD4"
        },
        {
            "type": "key_binding",
            "name": "NUMPAD 5",
            "value": "NUMPAD5"
        },
        {
            "type": "key_binding",
            "name": "NUMPAD 6",
            "value": "NUMPAD6"
        },
        {
            "type": "key_binding",
            "name": "NUMPAD 7",
            "value": "NUMPAD7"
        },
        {
            "type": "key_binding",
            "name": "NUMPAD 8",
            "value": "NUMPAD8"
        },
        {
            "type": "key_binding",
            "name": "NUMPAD 9",
            "value": "NUMPAD9"
        },
        {
            "type": "key_binding",
            "name": "NUMPAD 0",
            "value": "NUMPAD0"
        },
        {
            "type": "key_binding",
            "name": "MOUSE LEFT",
            "value": "LBUTTON"
        },
        {
            "type": "key_binding",
            "name": "MOUSE RIGHT",
            "value": "RBUTTON"
        },
        {
            "type": "key_binding",
            "name": "MOUSE MIDDLE",
            "value": "MBUTTON"
        },
        {
            "type": "key_binding",
            "name": "SHIFT + MOUSE LEFT",
            "value": "SHIFT LBUTTON"
        },
        {
            "type": "key_binding",
            "name": "SHIFT + MOUSE RIGHT",
            "value": "SHIFT RBUTTON"
        },
        {
            "type": "key_binding",
            "name": "SHIFT + MOUSE MIDDLE",
            "value": "SHIFT MBUTTON"
        },
        {
            "type": "key_binding",
            "name": "CTRL + MOUSE LEFT",
            "value": "CTRL LBUTTON"
        },
        {
            "type": "key_binding",
            "name": "CTRL + MOUSE RIGHT",
            "value": "CTRL RBUTTON"
        },
        {
            "type": "key_binding",
            "name": "CTRL + MOUSE MIDDLE",
            "value": "CTRL MBUTTON"
        }
    ]
}