{
  "mod_name": "NightVision",
  "author": "Jessidhia",
  "description": "Colors for Night Vision (Odyssey)",
  "file": "NightVision.ini",
  "file_full": null,
  "managed": true,
  "sections": [
    {
      "name": "NighVision",
      "title": "Nigh Vision",
      "ini_section": "Constants",
      "keys": [
        {
          "name": "Mode",
          "type": "Preset_1",
          "key": "y93",
          "value": "100",
          "description": "Mode for Nigh Vision"
        },
        {
          "name": "Custom Color",
          "type": "color",
          "key": "x43|y43|z43",
          "value": "1.0",
          "description": "Custom Color for Nigh Vision"
        },
        {
          "name": "Brightness",
          "type": "decimal",
          "key": "w43",
          "value": "1.0",
          "description": "Brightness for Nigh Vision"
        }
      ]
    },
    {
      "name": "AsteroidGlow",
      "title": "Pulse Wave Analyser Asteroid Glow",
      "ini_section": "Constants",
      "keys": [
        {
          "name": "Mode",
          "type": "Preset_1",
          "key": "z93",
          "value": "100",
          "description": "Mode for PWA Asteroid Glow"
        },
        {
          "name": "Custom Color",
          "type": "color",
          "key": "x41|y41|z41",
          "value": "1",
          "description": "Custom Color for PWA Asteroid Glow"
        },
        {
          "name": "Brightness",
          "type": "decimal",
          "key": "w41",
          "value": "1.0",
          "description": "Brightness for PWA Asteroid Glow"
        }
      ]
    },
    {
      "name": "Wavefront",
      "title": "Pulse Wave Analyser Wavefront",
      "ini_section": "Constants",
      "keys": [
        {
          "name": "PWA Wavefront",
          "type": "Preset_1",
          "key": "w93",
          "value": "100",
          "description": "Mode for PWA Wavefront"
        },
        {
          "name": "PWA Wavefront Color",
          "type": "color",
          "key": "x42|y42|z42",
          "value": "1.0",
          "description": "Custom Color for PWA Wavefront"
        },
        {
          "name": "Wavefront Brightness",
          "type": "decimal",
          "key": "w42",
          "value": "1.0",
          "description": "Brightness for PWA Wavefront"
        }
      ]
    }
  ],
  "types": [
    {
      "type": "text",
      "name": "Text",
      "value": ""
    },
    {
      "type": "number",
      "name": "Integer Number",
      "value": ""
    },
    {
      "type": "decimal",
      "name": "Decimal Number",
      "value": ""
    },
    {
      "type": "color",
      "name": "Color Value",
      "value": ""
    },
    {
      "type": "toggle",
      "name": "ON/OFF Switch",
      "value": ""
    }
  ],
  "custom_types": [
    {
      "type": "Preset_1",
      "name": "Custom Color",
      "value": 100
    },
    {
      "type": "Preset_1",
      "name": "Default Elite",
      "value": 200
    }
  ]
}
