{
  "mod_name": "Enhanced Biome Overlay",
  "author": "psychicEgg",
  "description": "Enhanced Biome Overlay",
  "file": "BiomeOverlay.ini",
  "file_full": null,
  "managed": true,
  "sections": [
    {
      "name": "BiomeOverlay",
      "title": "Enhanced Biome Overlay",
      "ini_section": "constants",
      "keys": [
        {
          "name": "Biome Overlay Mode",
          "type": "BiomeModeOptions",
          "key": "w102",
          "value": 0,
          "description": ""
        },
        {
          "name": "Custom Colour",
          "type": "color",
          "key": "x186|y186|z186",
          "value": "-1",
          "description": ""
        }
      ]
    },
    {
      "name": "keyToogleMode",
      "title": "Mode Cycle Keybind",
      "ini_section": "keyToogleMode",
      "keys": [
        {
          "name": "Keybind:",
          "type": "key_binding",
          "key": "Key",
          "value": "None",
          "description": "Choose a Key to bind"
        }
      ]
    }
  ],
  "dependencies": [
    "ShaderFixes\\07f5fbdc7437e1d9-ps.txt",
    "ShaderFixes\\1379026865ce1904-ps.txt",
    "ShaderFixes\\4dd380f100fd0c0b-ps.txt",
    "ShaderFixes\\7abddfdcf5d7bb79-ps.txt",
    "ShaderFixes\\85535efd66b9f2e5-ps.txt",
    "ShaderFixes\\8a22dad6948741ec-ps.txt"
  ],
  "types": [
    {
      "type": "color",
      "name": "Color Value",
      "value": "This will Show a Color Picker"
    }
  ],
  "custom_types": [
    {
      "type": "BiomeModeOptions",
      "name": "Elite Default",
      "value": 0
    },
    {
      "type": "BiomeModeOptions",
      "name": "Method 1: Custom target colour",
      "value": 1
    },
    {
      "type": "BiomeModeOptions",
      "name": "Method 2: Custom colour plus visible terrain",
      "value": 2
    },
    {
      "type": "key_binding",
      "name": "None",
      "value": "0x8f"
    },
    {
      "type": "key_binding",
      "name": "F1",
      "value": "no_modifiers F1"
    },
    {
      "type": "key_binding",
      "name": "F2",
      "value": "no_modifiers F2"
    },
    {
      "type": "key_binding",
      "name": "F3",
      "value": "no_modifiers F3"
    },
    {
      "type": "key_binding",
      "name": "F4",
      "value": "no_modifiers F4"
    },
    {
      "type": "key_binding",
      "name": "F5",
      "value": "no_modifiers F5"
    },
    {
      "type": "key_binding",
      "name": "F6",
      "value": "no_modifiers F6"
    },
    {
      "type": "key_binding",
      "name": "F7",
      "value": "no_modifiers F7"
    },
    {
      "type": "key_binding",
      "name": "F8",
      "value": "no_modifiers F8"
    },
    {
      "type": "key_binding",
      "name": "F9",
      "value": "no_modifiers F9"
    },
    {
      "type": "key_binding",
      "name": "F10",
      "value": "no_modifiers F10"
    },
    {
      "type": "key_binding",
      "name": "F12",
      "value": "no_modifiers F12"
    },
    {
      "type": "key_binding",
      "name": "CTRL + F1",
      "value": "CTRL F1"
    },
    {
      "type": "key_binding",
      "name": "CTRL + F2",
      "value": "CTRL F2"
    },
    {
      "type": "key_binding",
      "name": "CTRL + F3",
      "value": "CTRL F3"
    },
    {
      "type": "key_binding",
      "name": "CTRL + F4",
      "value": "CTRL F4"
    },
    {
      "type": "key_binding",
      "name": "CTRL + F5",
      "value": "CTRL F5"
    },
    {
      "type": "key_binding",
      "name": "CTRL + F6",
      "value": "CTRL F6"
    },
    {
      "type": "key_binding",
      "name": "CTRL + F7",
      "value": "CTRL F7"
    },
    {
      "type": "key_binding",
      "name": "CTRL + F8",
      "value": "CTRL F8"
    },
    {
      "type": "key_binding",
      "name": "CTRL + F9",
      "value": "CTRL F9"
    },
    {
      "type": "key_binding",
      "name": "CTRL + F10",
      "value": "CTRL F10"
    },
    {
      "type": "key_binding",
      "name": "CTRL + F11",
      "value": "CTRL F11"
    },
    {
      "type": "key_binding",
      "name": "CTRL + F12",
      "value": "CTRL F12"
    },
    {
      "type": "key_binding",
      "name": "ALT + F1",
      "value": "ALT F1"
    },
    {
      "type": "key_binding",
      "name": "ALT + F2",
      "value": "ALT F2"
    },
    {
      "type": "key_binding",
      "name": "ALT + F3",
      "value": "ALT F3"
    },
    {
      "type": "key_binding",
      "name": "ALT + F4",
      "value": "ALT F4"
    },
    {
      "type": "key_binding",
      "name": "ALT + F5",
      "value": "ALT F5"
    },
    {
      "type": "key_binding",
      "name": "ALT + F6",
      "value": "ALT F6"
    },
    {
      "type": "key_binding",
      "name": "ALT + F7",
      "value": "ALT F7"
    },
    {
      "type": "key_binding",
      "name": "ALT + F8",
      "value": "ALT F8"
    },
    {
      "type": "key_binding",
      "name": "ALT + F9",
      "value": "ALT F9"
    },
    {
      "type": "key_binding",
      "name": "ALT + F10",
      "value": "ALT F10"
    },
    {
      "type": "key_binding",
      "name": "ALT + F11",
      "value": "ALT F11"
    },
    {
      "type": "key_binding",
      "name": "ALT + F12",
      "value": "ALT F12"
    },
    {
      "type": "key_binding",
      "name": "1",
      "value": "no_modifiers 1"
    },
    {
      "type": "key_binding",
      "name": "2",
      "value": "no_modifiers 2"
    },
    {
      "type": "key_binding",
      "name": "3",
      "value": "no_modifiers 3"
    },
    {
      "type": "key_binding",
      "name": "4",
      "value": "no_modifiers 4"
    },
    {
      "type": "key_binding",
      "name": "5",
      "value": "no_modifiers 5"
    },
    {
      "type": "key_binding",
      "name": "6",
      "value": "no_modifiers 6"
    },
    {
      "type": "key_binding",
      "name": "7",
      "value": "no_modifiers 7"
    },
    {
      "type": "key_binding",
      "name": "8",
      "value": "no_modifiers 8"
    },
    {
      "type": "key_binding",
      "name": "9",
      "value": "no_modifiers 9"
    },
    {
      "type": "key_binding",
      "name": "0",
      "value": "no_modifiers 0"
    },
    {
      "type": "key_binding",
      "name": "CTRL + 1",
      "value": "CTRL 1"
    },
    {
      "type": "key_binding",
      "name": "CTRL + 2",
      "value": "CTRL 2"
    },
    {
      "type": "key_binding",
      "name": "CTRL + 3",
      "value": "CTRL 3"
    },
    {
      "type": "key_binding",
      "name": "CTRL + 4",
      "value": "CTRL 4"
    },
    {
      "type": "key_binding",
      "name": "CTRL + 5",
      "value": "CTRL 5"
    },
    {
      "type": "key_binding",
      "name": "CTRL + 6",
      "value": "CTRL 6"
    },
    {
      "type": "key_binding",
      "name": "CTRL + 7",
      "value": "CTRL 7"
    },
    {
      "type": "key_binding",
      "name": "CTRL + 8",
      "value": "CTRL 8"
    },
    {
      "type": "key_binding",
      "name": "CTRL + 9",
      "value": "CTRL 9"
    },
    {
      "type": "key_binding",
      "name": "CTRL + 0",
      "value": "CTRL 0"
    },
    {
      "type": "key_binding",
      "name": "NUMPAD 1",
      "value": "NUMPAD1"
    },
    {
      "type": "key_binding",
      "name": "NUMPAD 2",
      "value": "NUMPAD2"
    },
    {
      "type": "key_binding",
      "name": "NUMPAD 3",
      "value": "NUMPAD3"
    },
    {
      "type": "key_binding",
      "name": "NUMPAD 4",
      "value": "NUMPAD4"
    },
    {
      "type": "key_binding",
      "name": "NUMPAD 5",
      "value": "NUMPAD5"
    },
    {
      "type": "key_binding",
      "name": "NUMPAD 6",
      "value": "NUMPAD6"
    },
    {
      "type": "key_binding",
      "name": "NUMPAD 7",
      "value": "NUMPAD7"
    },
    {
      "type": "key_binding",
      "name": "NUMPAD 8",
      "value": "NUMPAD8"
    },
    {
      "type": "key_binding",
      "name": "NUMPAD 9",
      "value": "NUMPAD9"
    },
    {
      "type": "key_binding",
      "name": "NUMPAD 0",
      "value": "NUMPAD0"
    },
    {
      "type": "key_binding",
      "name": "MOUSE LEFT",
      "value": "LBUTTON"
    },
    {
      "type": "key_binding",
      "name": "MOUSE RIGHT",
      "value": "RBUTTON"
    },
    {
      "type": "key_binding",
      "name": "MOUSE MIDDLE",
      "value": "MBUTTON"
    },
    {
      "type": "key_binding",
      "name": "SHIFT + MOUSE LEFT",
      "value": "SHIFT LBUTTON"
    },
    {
      "type": "key_binding",
      "name": "SHIFT + MOUSE RIGHT",
      "value": "SHIFT RBUTTON"
    },
    {
      "type": "key_binding",
      "name": "SHIFT + MOUSE MIDDLE",
      "value": "SHIFT MBUTTON"
    },
    {
      "type": "key_binding",
      "name": "CTRL + MOUSE LEFT",
      "value": "CTRL LBUTTON"
    },
    {
      "type": "key_binding",
      "name": "CTRL + MOUSE RIGHT",
      "value": "CTRL RBUTTON"
    },
    {
      "type": "key_binding",
      "name": "CTRL + MOUSE MIDDLE",
      "value": "CTRL MBUTTON"
    }
  ]
}