{
   "mod_name":"FSS-Overlay",
   "theme_name":null,
   "author":"psychicEgg and Parduz",
   "description":"FSS Overlay v1.2",
   "file":"FSS-Overlay.ini",
   "file_full":"",
   "managed":false,
   "sections":[
      {
         "name":"OverlaySelector",
         "title":"FSS Overlay Selector",
         "ini_section":"constants",
         "keys":[
            {
               "name":"Selection",
               "type":"Selector",
               "key":"z6",
               "value":1,
               "description":"Overlay Selector"
            },
            {
               "name":"Overlay Brightness",
               "type":"decimal",
               "key":"w6",
               "value":1,
               "description":"Overlay Brightness"
            }
         ]
      }
   ],
   "types":[
      {
         "type":"text",
         "name":"Text",
         "value":""
      },
      {
         "type":"number",
         "name":"Integer Number",
         "value":""
      },
      {
         "type":"decimal",
         "name":"Decimal Number",
         "value":""
      },
      {
         "type":"color",
         "name":"Color Value",
         "value":""
      },
      {
         "type":"toggle",
         "name":"ON/OFF Switch",
         "value":""
      }
   ],
      "custom_types":[
      {
         "type":"Selector",
         "name":"No Overlay",
         "value":0
      },
      {
         "type":"Selector",
         "name":"Overlay 1",
         "value":1
      },
      {
         "type":"Selector",
         "name":"Overlay 2",
         "value":2
      }
  ]
}