{
  "mod_name": "Odyssey No Holograms Mod",
  "author": "CMDR FRED89210",
  "description": "This Mod Controls the Ship Holograms for Elite Dangerous 4.0 Update 14.01 Version. v1.14.2",
  "file": "NoHolograms.ini",
  "file_full": null,
  "read_me":null,"managed":true,
  "managed": true,
  "mod_type":"INIConfig",
  "read_me": "<p align=center><size=+4><b>Odyssey No Holograms Mod</b></size></p>
<p align=center>By CMDR FRED89210</p>
<br>
<p align=left>This mod turns off the holograms of landing pads, SRV entrance and on foot entrance.</p>
<p align=left>Use this mod to take beautiful screenshots.</p>
<p align=left>It is advisable to <b>leave the holograms activated when flying</b> otherwise you will not see the location of your pad.</p>
<p align=left>When 'Show Mod Status' option is activated, the ship hologram (in the middle of the shield) turns off when turning off the outer holograms.</p>
<br>
<p align=left>Fly Safe. o7
<br>
<image=NoHologramsModCompare.jpg;size=500,281;align=top>
<a href=https://i.imgur.com/DV5olgu.jpg>Preview</a>
   ",
  "sections": [
    {
      "name": "keyToogleHolograms",
      "title": "Toogle Holograms (Press this key to turn off/on the holograms)",
      "ini_section": "keyToogleHolograms",
      "keys": [
        {
          "name": "Binding Key",
          "type": "key_binding",
          "key": "Key",
          "value": "no_modifiers F5",
		  "visible":true,
          "description": "Choose a Key to bind."
        },
		{
          "name": "Show Mod Status In Game",
          "type": "ShowModStatus",
          "key": "z101",
          "value": "0",
		  "visible":true,
          "description": "When this option is activated, the ship hologram (in the middle of the shield) turns off when turning off the holograms outside.\nPress F11 in game to apply."
        },
      ]
    },
  ],
  "types": [
    {
      "type": "text",
      "name": "Text",
      "value": ""
    },
    {
      "type": "number",
      "name": "Integer Number",
      "value": ""
    },
    {
      "type": "decimal",
      "name": "Decimal Number",
      "value": ""
    },
    {
      "type": "color",
      "name": "Color Value",
      "value": ""
    },
    {
      "type": "toggle",
      "name": "ON/OFF Switch",
      "value": ""
    }
  ],
  "custom_types": [
    {
      "type": "ShowModStatus",
      "name": "Don't Show Status In Game",
      "value": ""
    },
	{
      "type": "ShowModStatus",
      "name": "Show Status In Game",
      "value": 0
    },
    {
      "type": "key_binding",
      "name": "F1",
      "value": "no_modifiers F1"
    },
    {
      "type": "key_binding",
      "name": "F2",
      "value": "no_modifiers F2"
    },
    {
      "type": "key_binding",
      "name": "F3",
      "value": "no_modifiers F3"
    },
    {
      "type": "key_binding",
      "name": "F4",
      "value": "no_modifiers F4"
    },
    {
      "type": "key_binding",
      "name": "F5",
      "value": "no_modifiers F5"
    },
    {
      "type": "key_binding",
      "name": "F6",
      "value": "no_modifiers F6"
    },
    {
      "type": "key_binding",
      "name": "F7",
      "value": "no_modifiers F7"
    },
    {
      "type": "key_binding",
      "name": "F8",
      "value": "no_modifiers F8"
    },
    {
      "type": "key_binding",
      "name": "F9",
      "value": "no_modifiers F9"
    },
    {
      "type": "key_binding",
      "name": "F10",
      "value": "no_modifiers F10"
    },
    {
      "type": "key_binding",
      "name": "F12",
      "value": "no_modifiers F12"
    },
    {
      "type": "key_binding",
      "name": "CTRL + F1",
      "value": "CTRL F1"
    },
    {
      "type": "key_binding",
      "name": "CTRL + F2",
      "value": "CTRL F2"
    },
    {
      "type": "key_binding",
      "name": "CTRL + F3",
      "value": "CTRL F3"
    },
    {
      "type": "key_binding",
      "name": "CTRL + F4",
      "value": "CTRL F4"
    },
    {
      "type": "key_binding",
      "name": "CTRL + F5",
      "value": "CTRL F5"
    },
    {
      "type": "key_binding",
      "name": "CTRL + F6",
      "value": "CTRL F6"
    },
    {
      "type": "key_binding",
      "name": "CTRL + F7",
      "value": "CTRL F7"
    },
    {
      "type": "key_binding",
      "name": "CTRL + F8",
      "value": "CTRL F8"
    },
    {
      "type": "key_binding",
      "name": "CTRL + F9",
      "value": "CTRL F9"
    },
    {
      "type": "key_binding",
      "name": "CTRL + F10",
      "value": "CTRL F10"
    },
    {
      "type": "key_binding",
      "name": "CTRL + F11",
      "value": "CTRL F11"
    },
    {
      "type": "key_binding",
      "name": "CTRL + F12",
      "value": "CTRL F12"
    },
    {
      "type": "key_binding",
      "name": "ALT + F1",
      "value": "ALT F1"
    },
    {
      "type": "key_binding",
      "name": "ALT + F2",
      "value": "ALT F2"
    },
    {
      "type": "key_binding",
      "name": "ALT + F3",
      "value": "ALT F3"
    },
    {
      "type": "key_binding",
      "name": "ALT + F4",
      "value": "ALT F4"
    },
    {
      "type": "key_binding",
      "name": "ALT + F5",
      "value": "ALT F5"
    },
    {
      "type": "key_binding",
      "name": "ALT + F6",
      "value": "ALT F6"
    },
    {
      "type": "key_binding",
      "name": "ALT + F7",
      "value": "ALT F7"
    },
    {
      "type": "key_binding",
      "name": "ALT + F8",
      "value": "ALT F8"
    },
    {
      "type": "key_binding",
      "name": "ALT + F9",
      "value": "ALT F9"
    },
    {
      "type": "key_binding",
      "name": "ALT + F10",
      "value": "ALT F10"
    },
    {
      "type": "key_binding",
      "name": "ALT + F11",
      "value": "ALT F11"
    },
    {
      "type": "key_binding",
      "name": "ALT + F12",
      "value": "ALT F12"
    },
    {
      "type": "key_binding",
      "name": "1",
      "value": "no_modifiers 1"
    },
    {
      "type": "key_binding",
      "name": "2",
      "value": "no_modifiers 2"
    },
    {
      "type": "key_binding",
      "name": "3",
      "value": "no_modifiers 3"
    },
    {
      "type": "key_binding",
      "name": "4",
      "value": "no_modifiers 4"
    },
    {
      "type": "key_binding",
      "name": "5",
      "value": "no_modifiers 5"
    },
    {
      "type": "key_binding",
      "name": "6",
      "value": "no_modifiers 6"
    },
    {
      "type": "key_binding",
      "name": "7",
      "value": "no_modifiers 7"
    },
    {
      "type": "key_binding",
      "name": "8",
      "value": "no_modifiers 8"
    },
    {
      "type": "key_binding",
      "name": "9",
      "value": "no_modifiers 9"
    },
    {
      "type": "key_binding",
      "name": "0",
      "value": "no_modifiers 0"
    },
    {
      "type": "key_binding",
      "name": "CTRL + 1",
      "value": "CTRL 1"
    },
    {
      "type": "key_binding",
      "name": "CTRL + 2",
      "value": "CTRL 2"
    },
    {
      "type": "key_binding",
      "name": "CTRL + 3",
      "value": "CTRL 3"
    },
    {
      "type": "key_binding",
      "name": "CTRL + 4",
      "value": "CTRL 4"
    },
    {
      "type": "key_binding",
      "name": "CTRL + 5",
      "value": "CTRL 5"
    },
    {
      "type": "key_binding",
      "name": "CTRL + 6",
      "value": "CTRL 6"
    },
    {
      "type": "key_binding",
      "name": "CTRL + 7",
      "value": "CTRL 7"
    },
    {
      "type": "key_binding",
      "name": "CTRL + 8",
      "value": "CTRL 8"
    },
    {
      "type": "key_binding",
      "name": "CTRL + 9",
      "value": "CTRL 9"
    },
    {
      "type": "key_binding",
      "name": "CTRL + 0",
      "value": "CTRL 0"
    },
    {
      "type": "key_binding",
      "name": "NUMPAD 1",
      "value": "NUMPAD1"
    },
    {
      "type": "key_binding",
      "name": "NUMPAD 2",
      "value": "NUMPAD2"
    },
    {
      "type": "key_binding",
      "name": "NUMPAD 3",
      "value": "NUMPAD3"
    },
    {
      "type": "key_binding",
      "name": "NUMPAD 4",
      "value": "NUMPAD4"
    },
    {
      "type": "key_binding",
      "name": "NUMPAD 5",
      "value": "NUMPAD5"
    },
    {
      "type": "key_binding",
      "name": "NUMPAD 6",
      "value": "NUMPAD6"
    },
    {
      "type": "key_binding",
      "name": "NUMPAD 7",
      "value": "NUMPAD7"
    },
    {
      "type": "key_binding",
      "name": "NUMPAD 8",
      "value": "NUMPAD8"
    },
    {
      "type": "key_binding",
      "name": "NUMPAD 9",
      "value": "NUMPAD9"
    },
    {
      "type": "key_binding",
      "name": "NUMPAD 0",
      "value": "NUMPAD0"
    },
    {
      "type": "key_binding",
      "name": "MOUSE LEFT",
      "value": "LBUTTON"
    },
    {
      "type": "key_binding",
      "name": "MOUSE RIGHT",
      "value": "RBUTTON"
    },
    {
      "type": "key_binding",
      "name": "MOUSE MIDDLE",
      "value": "MBUTTON"
    },
    {
      "type": "key_binding",
      "name": "SHIFT + MOUSE LEFT",
      "value": "SHIFT LBUTTON"
    },
    {
      "type": "key_binding",
      "name": "SHIFT + MOUSE RIGHT",
      "value": "SHIFT RBUTTON"
    },
    {
      "type": "key_binding",
      "name": "SHIFT + MOUSE MIDDLE",
      "value": "SHIFT MBUTTON"
    },
    {
      "type": "key_binding",
      "name": "CTRL + MOUSE LEFT",
      "value": "CTRL LBUTTON"
    },
    {
      "type": "key_binding",
      "name": "CTRL + MOUSE RIGHT",
      "value": "CTRL RBUTTON"
    },
    {
      "type": "key_binding",
      "name": "CTRL + MOUSE MIDDLE",
      "value": "CTRL MBUTTON"
    }
   ]
}